new_index,base,ligand,solvent,concentration,temperature,yield,cost
0,KOAc,BrettPhos,DMAc,0.1,105,5.47,0.14577548199999998
1,KOAc,PPhtBu2,DMAc,0.1,105,0.0,0.04320091
2,KOAc,tBPh-CPhos,DMAc,0.1,105,78.95,0.269139791
3,KOAc,PCy3 HBF4,DMAc,0.1,105,7.26,0.032180612000000004
4,KOAc,PPh3,DMAc,0.1,105,28.15,0.026372917000000003
5,KOAc,X-Phos,DMAc,0.1,105,65.37,0.034677571000000004
6,KOPiv,BrettPhos,DMAc,0.1,105,0.07,0.144665615
7,KOPiv,PPhtBu2,DMAc,0.1,105,0.0,0.042106611
8,KOPiv,tBPh-CPhos,DMAc,0.1,105,28.64,0.267900458
9,KOPiv,PCy3 HBF4,DMAc,0.1,105,10.44,0.03109548
10,KOPiv,PPh3,DMAc,0.1,105,63.13,0.025379457
11,KOPiv,X-Phos,DMAc,0.1,105,77.41,0.03361798
12,CsOAc,BrettPhos,DMAc,0.1,105,4.74,0.191273824
13,CsOAc,PPhtBu2,DMAc,0.1,105,0.0,0.088701357
14,CsOAc,tBPh-CPhos,DMAc,0.1,105,29.31,0.314497136
15,CsOAc,PCy3 HBF4,DMAc,0.1,105,12.83,0.077697116
16,CsOAc,PPh3,DMAc,0.1,105,62.82,0.07197331
17,CsOAc,X-Phos,DMAc,0.1,105,87.83,0.08024276400000001
18,CsOPiv,BrettPhos,DMAc,0.1,105,0.0,0.232133425
19,CsOPiv,PPhtBu2,DMAc,0.1,105,0.0,0.129574623
20,CsOPiv,tBPh-CPhos,DMAc,0.1,105,7.62,0.355307874
21,CsOPiv,PCy3 HBF4,DMAc,0.1,105,8.85,0.118558908
22,CsOPiv,PPh3,DMAc,0.1,105,52.05,0.112815528
23,CsOPiv,X-Phos,DMAc,0.1,105,29.16,0.120946897
24,KOAc,BrettPhos,BuCN,0.1,105,18.44,0.163723596
25,KOAc,PPhtBu2,BuCN,0.1,105,0.0,0.061023208
26,KOAc,tBPh-CPhos,BuCN,0.1,105,6.17,0.286781867
27,KOAc,PCy3 HBF4,BuCN,0.1,105,0.0,0.049981981
28,KOAc,PPh3,BuCN,0.1,105,6.24,0.044161977000000005
29,KOAc,X-Phos,BuCN,0.1,105,47.3,0.052674599
30,KOPiv,BrettPhos,BuCN,0.1,105,56.05,0.162918073
31,KOPiv,PPhtBu2,BuCN,0.1,105,0.0,0.059928908
32,KOPiv,tBPh-CPhos,BuCN,0.1,105,6.39,0.285689257
33,KOPiv,PCy3 HBF4,BuCN,0.1,105,0.35,0.048890369
34,KOPiv,PPh3,BuCN,0.1,105,4.28,0.043052628
35,KOPiv,X-Phos,BuCN,0.1,105,56.14,0.051648175
36,CsOAc,BrettPhos,BuCN,0.1,105,64.48,0.209577546
37,CsOAc,PPhtBu2,BuCN,0.1,105,0.0,0.106523654
38,CsOAc,tBPh-CPhos,BuCN,0.1,105,5.88,0.332280087
39,CsOAc,PCy3 HBF4,BuCN,0.1,105,0.57,0.095486804
40,CsOAc,PPh3,BuCN,0.1,105,3.21,0.08963915800000001
41,CsOAc,X-Phos,BuCN,0.1,105,83.83,0.09845553
42,CsOPiv,BrettPhos,BuCN,0.1,105,55.41,0.250381171
43,CsOPiv,PPhtBu2,BuCN,0.1,105,0.0,0.14739692
44,CsOPiv,tBPh-CPhos,BuCN,0.1,105,5.41,0.373149744
45,CsOPiv,PCy3 HBF4,BuCN,0.1,105,0.33,0.136358227
46,CsOPiv,PPh3,BuCN,0.1,105,3.44,0.13051419
47,CsOPiv,X-Phos,BuCN,0.1,105,68.53,0.139211319
48,KOAc,BrettPhos,BuOAc,0.1,105,17.09,0.157572457
49,KOAc,PPhtBu2,BuOAc,0.1,105,0.0,0.05491753
50,KOAc,tBPh-CPhos,BuOAc,0.1,105,0.0,0.280628815
51,KOAc,PCy3 HBF4,BuOAc,0.1,105,0.0,0.043876303
52,KOAc,PPh3,BuOAc,0.1,105,3.41,0.038027567000000005
53,KOAc,X-Phos,BuOAc,0.1,105,64.62,0.046569203
54,KOPiv,BrettPhos,BuOAc,0.1,105,49.22,0.156658874
55,KOPiv,PPhtBu2,BuOAc,0.1,105,0.0,0.05382323
56,KOPiv,tBPh-CPhos,BuOAc,0.1,105,22.75,0.279662474
57,KOPiv,PCy3 HBF4,BuOAc,0.1,105,0.0,0.042782003
58,KOPiv,PPh3,BuOAc,0.1,105,1.92,0.036924887
59,KOPiv,X-Phos,BuOAc,0.1,105,48.25,0.045382829000000006
60,CsOAc,BrettPhos,BuOAc,0.1,105,26.64,0.203126617
61,CsOAc,PPhtBu2,BuOAc,0.1,105,0.0,0.100417976
62,CsOAc,tBPh-CPhos,BuOAc,0.1,105,0.0,0.326129261
63,CsOAc,PCy3 HBF4,BuOAc,0.1,105,0.0,0.089376749
64,CsOAc,PPh3,BuOAc,0.1,105,4.22,0.083532569
65,CsOAc,X-Phos,BuOAc,0.1,105,86.43,0.092192321
66,CsOPiv,BrettPhos,BuOAc,0.1,105,27.48,0.244004608
67,CsOPiv,PPhtBu2,BuOAc,0.1,105,0.0,0.14129124199999998
68,CsOPiv,tBPh-CPhos,BuOAc,0.1,105,15.16,0.367087796
69,CsOPiv,PCy3 HBF4,BuOAc,0.1,105,0.0,0.130250015
70,CsOPiv,PPh3,BuOAc,0.1,105,0.91,0.124387218
71,CsOPiv,X-Phos,BuOAc,0.1,105,59.92,0.13291648
72,KOAc,BrettPhos,p-Xylene,0.1,105,16.44,0.148146224
73,KOAc,PPhtBu2,p-Xylene,0.1,105,0.0,0.045527419000000006
74,KOAc,tBPh-CPhos,p-Xylene,0.1,105,6.39,0.271262026
75,KOAc,PCy3 HBF4,p-Xylene,0.1,105,0.0,0.034486192
76,KOAc,PPh3,p-Xylene,0.1,105,2.06,0.028625795
77,KOAc,X-Phos,p-Xylene,0.1,105,43.76,0.036975345
78,KOPiv,BrettPhos,p-Xylene,0.1,105,29.17,0.147098385
79,KOPiv,PPhtBu2,p-Xylene,0.1,105,0.0,0.04443312
80,KOPiv,tBPh-CPhos,p-Xylene,0.1,105,14.92,0.270198859
81,KOPiv,PCy3 HBF4,p-Xylene,0.1,105,0.0,0.033391893
82,KOPiv,PPh3,p-Xylene,0.1,105,1.41,0.027529123
83,KOPiv,X-Phos,p-Xylene,0.1,105,35.07,0.035849329
84,CsOAc,BrettPhos,p-Xylene,0.1,105,40.03,0.193732767
85,CsOAc,PPhtBu2,p-Xylene,0.1,105,0.0,0.091027866
86,CsOAc,tBPh-CPhos,p-Xylene,0.1,105,19.51,0.316810357
87,CsOAc,PCy3 HBF4,p-Xylene,0.1,105,0.55,0.079988646
88,CsOAc,PPh3,p-Xylene,0.1,105,10.5,0.074157045
89,CsOAc,X-Phos,p-Xylene,0.1,105,67.17,0.082561232
90,CsOPiv,BrettPhos,p-Xylene,0.1,105,21.54,0.23453855
91,CsOPiv,PPhtBu2,p-Xylene,0.1,105,0.0,0.131901132
92,CsOPiv,tBPh-CPhos,p-Xylene,0.1,105,28.65,0.357716982
93,CsOPiv,PCy3 HBF4,p-Xylene,0.1,105,0.0,0.120859905
94,CsOPiv,PPh3,p-Xylene,0.1,105,0.66,0.114994397
95,CsOPiv,X-Phos,p-Xylene,0.1,105,53.63,0.12338508
96,KOAc,BrettPhos,DMAc,0.1,90,5.22,0.145774761
97,KOAc,PPhtBu2,DMAc,0.1,90,0.0,0.04320091
98,KOAc,tBPh-CPhos,DMAc,0.1,90,47.03,0.269047772
99,KOAc,PCy3 HBF4,DMAc,0.1,90,1.71,0.032164612999999995
100,KOAc,PPh3,DMAc,0.1,90,14.29,0.026332962
101,KOAc,X-Phos,DMAc,0.1,90,38.03,0.034598755
102,KOPiv,BrettPhos,DMAc,0.1,90,0.0,0.14466541300000002
103,KOPiv,PPhtBu2,DMAc,0.1,90,0.0,0.042106611
104,KOPiv,tBPh-CPhos,DMAc,0.1,90,10.12,0.267847069
105,KOPiv,PCy3 HBF4,DMAc,0.1,90,3.01,0.031074061
106,KOPiv,PPh3,DMAc,0.1,90,38.78,0.025309262000000003
107,KOPiv,X-Phos,DMAc,0.1,90,55.17,0.033553867
108,CsOAc,BrettPhos,DMAc,0.1,90,4.23,0.191272353
109,CsOAc,PPhtBu2,DMAc,0.1,90,0.0,0.088701357
110,CsOAc,tBPh-CPhos,DMAc,0.1,90,17.74,0.314463782
111,CsOAc,PCy3 HBF4,DMAc,0.1,90,4.02,0.077671718
112,CsOAc,PPh3,DMAc,0.1,90,32.36,0.0718855
113,CsOAc,X-Phos,DMAc,0.1,90,84.17,0.080232213
114,CsOPiv,BrettPhos,DMAc,0.1,90,0.0,0.232133425
115,CsOPiv,PPhtBu2,DMAc,0.1,90,0.0,0.129574623
116,CsOPiv,tBPh-CPhos,DMAc,0.1,90,4.77,0.355299658
117,CsOPiv,PCy3 HBF4,DMAc,0.1,90,3.69,0.118544033
118,CsOPiv,PPh3,DMAc,0.1,90,33.59,0.112762312
119,CsOPiv,X-Phos,DMAc,0.1,90,22.94,0.120928967
120,KOAc,BrettPhos,BuCN,0.1,90,9.66,0.16365618199999998
121,KOAc,PPhtBu2,BuCN,0.1,90,0.0,0.061023208
122,KOAc,tBPh-CPhos,BuCN,0.1,90,4.61,0.286769889
123,KOAc,PCy3 HBF4,BuCN,0.1,90,0.0,0.049981981
124,KOAc,PPh3,BuCN,0.1,90,2.83,0.044135794000000006
125,KOAc,X-Phos,BuCN,0.1,90,26.5,0.052514893
126,KOPiv,BrettPhos,BuCN,0.1,90,39.5,0.162790999
127,KOPiv,PPhtBu2,BuCN,0.1,90,0.95,0.059936203
128,KOPiv,tBPh-CPhos,BuCN,0.1,90,6.69,0.28569156
129,KOPiv,PCy3 HBF4,BuCN,0.1,90,0.0,0.048887681
130,KOPiv,PPh3,BuCN,0.1,90,2.48,0.043038807000000005
131,KOPiv,X-Phos,BuCN,0.1,90,45.95,0.051569934000000005
132,CsOAc,BrettPhos,BuCN,0.1,90,48.21,0.209452622
133,CsOAc,PPhtBu2,BuCN,0.1,90,0.0,0.106523654
134,CsOAc,tBPh-CPhos,BuCN,0.1,90,6.27,0.33228308100000004
135,CsOAc,PCy3 HBF4,BuCN,0.1,90,0.0,0.095482427
136,CsOAc,PPh3,BuCN,0.1,90,5.8,0.089659045
137,CsOAc,X-Phos,BuCN,0.1,90,86.37,0.098475032
138,CsOPiv,BrettPhos,BuCN,0.1,90,48.64,0.25032919
139,CsOPiv,PPhtBu2,BuCN,0.1,90,0.0,0.14739692
140,CsOPiv,tBPh-CPhos,BuCN,0.1,90,5.29,0.373148823
141,CsOPiv,PCy3 HBF4,BuCN,0.1,90,0.0,0.136355693
142,CsOPiv,PPh3,BuCN,0.1,90,1.9,0.130502366
143,CsOPiv,X-Phos,BuCN,0.1,90,69.11,0.139215773
144,KOAc,BrettPhos,BuOAc,0.1,90,20.73,0.15759293
145,KOAc,PPhtBu2,BuOAc,0.1,90,0.0,0.05491753
146,KOAc,tBPh-CPhos,BuOAc,0.1,90,0.0,0.280628815
147,KOAc,PCy3 HBF4,BuOAc,0.1,90,0.0,0.043876303
148,KOAc,PPh3,BuOAc,0.1,90,1.19,0.03801508
149,KOAc,X-Phos,BuOAc,0.1,90,28.11,0.04636385
150,KOPiv,BrettPhos,BuOAc,0.1,90,30.95,0.156556113
151,KOPiv,PPhtBu2,BuOAc,0.1,90,0.0,0.05382323
152,KOPiv,tBPh-CPhos,BuOAc,0.1,90,0.0,0.279534515
153,KOPiv,PCy3 HBF4,BuOAc,0.1,90,0.0,0.042782003
154,KOPiv,PPh3,BuOAc,0.1,90,0.65,0.036917743
155,KOPiv,X-Phos,BuOAc,0.1,90,42.3,0.045349363
156,CsOAc,BrettPhos,BuOAc,0.1,90,29.21,0.203141073
157,CsOAc,PPhtBu2,BuOAc,0.1,90,0.0,0.100417976
158,CsOAc,tBPh-CPhos,BuOAc,0.1,90,0.0,0.326129261
159,CsOAc,PCy3 HBF4,BuOAc,0.1,90,0.0,0.089376749
160,CsOAc,PPh3,BuOAc,0.1,90,1.9,0.08351952
161,CsOAc,X-Phos,BuOAc,0.1,90,85.24,0.092185628
162,CsOPiv,BrettPhos,BuOAc,0.1,90,23.75,0.243983628
163,CsOPiv,PPhtBu2,BuOAc,0.1,90,0.0,0.14129124199999998
164,CsOPiv,tBPh-CPhos,BuOAc,0.1,90,0.0,0.367002527
165,CsOPiv,PCy3 HBF4,BuOAc,0.1,90,0.0,0.130250015
166,CsOPiv,PPh3,BuOAc,0.1,90,0.26,0.124383562
167,CsOPiv,X-Phos,BuOAc,0.1,90,3.0,0.132596329
168,KOAc,BrettPhos,p-Xylene,0.1,90,17.92,0.148151625
169,KOAc,PPhtBu2,p-Xylene,0.1,90,0.0,0.045527419000000006
170,KOAc,tBPh-CPhos,p-Xylene,0.1,90,7.34,0.271265493
171,KOAc,PCy3 HBF4,p-Xylene,0.1,90,0.0,0.034486192
172,KOAc,PPh3,p-Xylene,0.1,90,0.55,0.028620284
173,KOAc,X-Phos,p-Xylene,0.1,90,25.5,0.036908701
174,KOPiv,BrettPhos,p-Xylene,0.1,90,38.12,0.14713105
175,KOPiv,PPhtBu2,p-Xylene,0.1,90,0.0,0.04443312
176,KOPiv,tBPh-CPhos,p-Xylene,0.1,90,23.22,0.270229152
177,KOPiv,PCy3 HBF4,p-Xylene,0.1,90,0.0,0.033391893
178,KOPiv,PPh3,p-Xylene,0.1,90,0.32,0.027525144
179,KOPiv,X-Phos,p-Xylene,0.1,90,26.33,0.03581743
180,CsOAc,BrettPhos,p-Xylene,0.1,90,42.45,0.1937416
181,CsOAc,PPhtBu2,p-Xylene,0.1,90,0.0,0.091027866
182,CsOAc,tBPh-CPhos,p-Xylene,0.1,90,20.04,0.316812291
183,CsOAc,PCy3 HBF4,p-Xylene,0.1,90,0.0,0.079986639
184,CsOAc,PPh3,p-Xylene,0.1,90,5.91,0.074140292
185,CsOAc,X-Phos,p-Xylene,0.1,90,59.27,0.082532399
186,CsOPiv,BrettPhos,p-Xylene,0.1,90,19.39,0.234530703
187,CsOPiv,PPhtBu2,p-Xylene,0.1,90,0.0,0.131901132
188,CsOPiv,tBPh-CPhos,p-Xylene,0.1,90,31.97,0.357729099
189,CsOPiv,PCy3 HBF4,p-Xylene,0.1,90,0.0,0.120859905
190,CsOPiv,PPh3,p-Xylene,0.1,90,0.0,0.114991988
191,CsOPiv,X-Phos,p-Xylene,0.1,90,36.98,0.123324312
192,KOAc,BrettPhos,DMAc,0.1,120,5.03,0.145774213
193,KOAc,PPhtBu2,DMAc,0.1,120,7.71,0.043223137
194,KOAc,tBPh-CPhos,DMAc,0.1,120,82.09,0.269148843
195,KOAc,PCy3 HBF4,DMAc,0.1,120,24.56,0.032230484
196,KOAc,PPh3,DMAc,0.1,120,74.04,0.026505208
197,KOAc,X-Phos,DMAc,0.1,120,88.41,0.03474399
198,KOPiv,BrettPhos,DMAc,0.1,120,0.26,0.144666163
199,KOPiv,PPhtBu2,DMAc,0.1,120,28.53,0.042188856
200,KOPiv,tBPh-CPhos,DMAc,0.1,120,68.33,0.268014876
201,KOPiv,PCy3 HBF4,DMAc,0.1,120,47.58,0.031202546
202,KOPiv,PPh3,DMAc,0.1,120,86.46,0.025446713
203,KOPiv,X-Phos,DMAc,0.1,120,80.61,0.033627204
204,CsOAc,BrettPhos,DMAc,0.1,120,4.08,0.191271921
205,CsOAc,PPhtBu2,DMAc,0.1,120,12.35,0.088736959
206,CsOAc,tBPh-CPhos,DMAc,0.1,120,62.6,0.314593104
207,CsOAc,PCy3 HBF4,DMAc,0.1,120,44.53,0.0777885
208,CsOAc,PPh3,DMAc,0.1,120,87.32,0.072043938
209,CsOAc,X-Phos,DMAc,0.1,120,84.81,0.080234058
210,CsOPiv,BrettPhos,DMAc,0.1,120,0.0,0.232133425
211,CsOPiv,PPhtBu2,DMAc,0.1,120,1.31,0.129578399
212,CsOPiv,tBPh-CPhos,DMAc,0.1,120,17.43,0.355336154
213,CsOPiv,PCy3 HBF4,DMAc,0.1,120,27.93,0.118613912
214,CsOPiv,PPh3,DMAc,0.1,120,76.33,0.112885522
215,CsOPiv,X-Phos,DMAc,0.1,120,48.15,0.121001641
216,KOAc,BrettPhos,BuCN,0.1,120,29.25,0.163806598
217,KOAc,PPhtBu2,BuCN,0.1,120,0.0,0.061023208
218,KOAc,tBPh-CPhos,BuCN,0.1,120,8.4,0.28679899
219,KOAc,PCy3 HBF4,BuCN,0.1,120,1.96,0.04999703
220,KOAc,PPh3,BuCN,0.1,120,12.65,0.044211194
221,KOAc,X-Phos,BuCN,0.1,120,56.57,0.052745776
222,KOPiv,BrettPhos,BuCN,0.1,120,50.79,0.162877686
223,KOPiv,PPhtBu2,BuCN,0.1,120,0.0,0.059928908
224,KOPiv,tBPh-CPhos,BuCN,0.1,120,6.44,0.285689641
225,KOPiv,PCy3 HBF4,BuCN,0.1,120,3.28,0.048912866
226,KOPiv,PPh3,BuCN,0.1,120,9.59,0.043093399
227,KOPiv,X-Phos,BuCN,0.1,120,50.93,0.051608171
228,CsOAc,BrettPhos,BuCN,0.1,120,69.13,0.20961325
229,CsOAc,PPhtBu2,BuCN,0.1,120,0.0,0.106523654
230,CsOAc,tBPh-CPhos,BuCN,0.1,120,7.69,0.332293985
231,CsOAc,PCy3 HBF4,BuCN,0.1,120,3.8,0.095511604
232,CsOAc,PPh3,BuCN,0.1,120,13.09,0.08971501900000001
233,CsOAc,X-Phos,BuCN,0.1,120,84.17,0.09845814
234,CsOPiv,BrettPhos,BuCN,0.1,120,46.53,0.250312989
235,CsOPiv,PPhtBu2,BuCN,0.1,120,0.0,0.14739692
236,CsOPiv,tBPh-CPhos,BuCN,0.1,120,5.3,0.3731489
237,CsOPiv,PCy3 HBF4,BuCN,0.1,120,3.1,0.136379496
238,CsOPiv,PPh3,BuCN,0.1,120,7.36,0.130544289
239,CsOPiv,X-Phos,BuCN,0.1,120,59.81,0.139144366
240,KOAc,BrettPhos,BuOAc,0.1,120,25.86,0.157621784
241,KOAc,PPhtBu2,BuOAc,0.1,120,0.0,0.05491753
242,KOAc,tBPh-CPhos,BuOAc,0.1,120,0.0,0.280628815
243,KOAc,PCy3 HBF4,BuOAc,0.1,120,0.0,0.043876303
244,KOAc,PPh3,BuOAc,0.1,120,7.89,0.038052765
245,KOAc,X-Phos,BuOAc,0.1,120,73.71,0.04662033
246,KOPiv,BrettPhos,BuOAc,0.1,120,43.18,0.15662490199999998
247,KOPiv,PPhtBu2,BuOAc,0.1,120,0.0,0.05382323
248,KOPiv,tBPh-CPhos,BuOAc,0.1,120,0.0,0.279534515
249,KOPiv,PCy3 HBF4,BuOAc,0.1,120,0.0,0.042782003
250,KOPiv,PPh3,BuOAc,0.1,120,4.23,0.036937879
251,KOPiv,X-Phos,BuOAc,0.1,120,66.49,0.045485421
252,CsOAc,BrettPhos,BuOAc,0.1,120,35.91,0.203178757
253,CsOAc,PPhtBu2,BuOAc,0.1,120,0.0,0.100417976
254,CsOAc,tBPh-CPhos,BuOAc,0.1,120,0.0,0.326129261
255,CsOAc,PCy3 HBF4,BuOAc,0.1,120,0.03,0.08937691800000001
256,CsOAc,PPh3,BuOAc,0.1,120,4.94,0.083536619
257,CsOAc,X-Phos,BuOAc,0.1,120,2.79,0.091721882
258,CsOPiv,BrettPhos,BuOAc,0.1,120,51.99,0.244142466
259,CsOPiv,PPhtBu2,BuOAc,0.1,120,0.0,0.14129124199999998
260,CsOPiv,tBPh-CPhos,BuOAc,0.1,120,19.42,0.367111757
261,CsOPiv,PCy3 HBF4,BuOAc,0.1,120,1.37,0.130257721
262,CsOPiv,PPh3,BuOAc,0.1,120,2.49,0.124396105
263,CsOPiv,X-Phos,BuOAc,0.1,120,52.22,0.13287317
264,KOAc,BrettPhos,p-Xylene,0.1,120,18.55,0.148153925
265,KOAc,PPhtBu2,p-Xylene,0.1,120,0.0,0.045527419000000006
266,KOAc,tBPh-CPhos,p-Xylene,0.1,120,5.69,0.27125947100000003
267,KOAc,PCy3 HBF4,p-Xylene,0.1,120,0.0,0.034486192
268,KOAc,PPh3,p-Xylene,0.1,120,5.94,0.028639956
269,KOAc,X-Phos,p-Xylene,0.1,120,67.04,0.037060311
270,KOPiv,BrettPhos,p-Xylene,0.1,120,37.36,0.147128277
271,KOPiv,PPhtBu2,p-Xylene,0.1,120,0.0,0.04443312
272,KOPiv,tBPh-CPhos,p-Xylene,0.1,120,20.87,0.270220575
273,KOPiv,PCy3 HBF4,p-Xylene,0.1,120,0.0,0.033391893
274,KOPiv,PPh3,p-Xylene,0.1,120,4.48,0.027540327000000003
275,KOPiv,X-Phos,p-Xylene,0.1,120,44.74,0.035884622000000005
276,CsOAc,BrettPhos,p-Xylene,0.1,120,28.93,0.193692255
277,CsOAc,PPhtBu2,p-Xylene,0.1,120,0.0,0.091027866
278,CsOAc,tBPh-CPhos,p-Xylene,0.1,120,16.09,0.316797875
279,CsOAc,PCy3 HBF4,p-Xylene,0.1,120,2.98,0.079997515
280,CsOAc,PPh3,p-Xylene,0.1,120,16.64,0.074179454
281,CsOAc,X-Phos,p-Xylene,0.1,120,67.17,0.082561232
282,CsOPiv,BrettPhos,p-Xylene,0.1,120,25.35,0.234552455
283,CsOPiv,PPhtBu2,p-Xylene,0.1,120,0.0,0.131901132
284,CsOPiv,tBPh-CPhos,p-Xylene,0.1,120,23.77,0.35769917100000004
285,CsOPiv,PCy3 HBF4,p-Xylene,0.1,120,0.69,0.120862423
286,CsOPiv,PPh3,p-Xylene,0.1,120,2.69,0.115001806
287,CsOPiv,X-Phos,p-Xylene,0.1,120,55.8,0.123393
288,KOAc,BrettPhos,DMAc,0.057,90,3.6,0.155897722
289,KOAc,PPhtBu2,DMAc,0.057,90,0.0,0.053328542
290,KOAc,tBPh-CPhos,DMAc,0.057,90,57.27,0.279204924
291,KOAc,PCy3 HBF4,DMAc,0.057,90,3.4,0.042297116
292,KOAc,PPh3,DMAc,0.057,90,19.55,0.036475757
293,KOAc,X-Phos,DMAc,0.057,90,43.2,0.044741291
294,KOPiv,BrettPhos,DMAc,0.057,90,0.0,0.154793045
295,KOPiv,PPhtBu2,DMAc,0.057,90,0.0,0.052234242
296,KOPiv,tBPh-CPhos,DMAc,0.057,90,12.23,0.277980784
297,KOPiv,PCy3 HBF4,DMAc,0.057,90,5.85,0.041209879
298,KOPiv,PPh3,DMAc,0.057,90,46.46,0.035459033
299,KOPiv,X-Phos,DMAc,0.057,90,52.77,0.043674579000000005
300,CsOAc,BrettPhos,DMAc,0.057,90,1.96,0.201393441
301,CsOAc,PPhtBu2,DMAc,0.057,90,0.0,0.098828988
302,CsOAc,tBPh-CPhos,DMAc,0.057,90,31.18,0.324630158
303,CsOAc,PCy3 HBF4,DMAc,0.057,90,8.04,0.087810939
304,CsOAc,PPh3,DMAc,0.057,90,36.96,0.082026393
305,CsOAc,X-Phos,DMAc,0.057,90,79.33,0.090345892
306,CsOPiv,BrettPhos,DMAc,0.057,90,0.0,0.242261057
307,CsOPiv,PPhtBu2,DMAc,0.057,90,0.0,0.139702254
308,CsOPiv,tBPh-CPhos,DMAc,0.057,90,5.29,0.365428789
309,CsOPiv,PCy3 HBF4,DMAc,0.057,90,6.38,0.12867941900000002
310,CsOPiv,PPh3,DMAc,0.057,90,44.96,0.122922721
311,CsOPiv,X-Phos,DMAc,0.057,90,23.71,0.131058818
312,KOAc,BrettPhos,BuCN,0.057,90,6.26,0.186487971
313,KOAc,PPhtBu2,BuCN,0.057,90,0.0,0.083881103
314,KOAc,tBPh-CPhos,BuCN,0.057,90,5.62,0.309635539
315,KOAc,PCy3 HBF4,BuCN,0.057,90,0.0,0.072839876
316,KOAc,PPh3,BuCN,0.057,90,4.3,0.067004976
317,KOAc,X-Phos,BuCN,0.057,90,18.72,0.07531305099999999
318,KOPiv,BrettPhos,BuCN,0.057,90,29.57,0.18557265
319,KOPiv,PPhtBu2,BuCN,0.057,90,0.0,0.08278680299999999
320,KOPiv,tBPh-CPhos,BuCN,0.057,90,5.62,0.308541239
321,KOPiv,PCy3 HBF4,BuCN,0.057,90,0.14,0.071746651
322,KOPiv,PPh3,BuCN,0.057,90,5.92,0.065923115
323,KOPiv,X-Phos,BuCN,0.057,90,30.83,0.074311735
324,CsOAc,BrettPhos,BuCN,0.057,90,36.72,0.232222295
325,CsOAc,PPhtBu2,BuCN,0.057,90,0.0,0.129381549
326,CsOAc,tBPh-CPhos,BuCN,0.057,90,6.57,0.35514328
327,CsOAc,PCy3 HBF4,BuCN,0.057,90,0.28,0.118342472
328,CsOAc,PPh3,BuCN,0.057,90,6.56,0.112522775
329,CsOAc,X-Phos,BuCN,0.057,90,72.9,0.121229502
330,CsOPiv,BrettPhos,BuCN,0.057,90,37.58,0.273102164
331,CsOPiv,PPhtBu2,BuCN,0.057,90,0.0,0.170254815
332,CsOPiv,tBPh-CPhos,BuCN,0.057,90,4.89,0.396003646
333,CsOPiv,PCy3 HBF4,BuCN,0.057,90,0.86,0.15922019099999998
334,CsOPiv,PPh3,BuCN,0.057,90,5.19,0.153385522
335,CsOPiv,X-Phos,BuCN,0.057,90,40.02,0.161850309
336,KOAc,BrettPhos,BuOAc,0.057,90,17.54,0.176132882
337,KOAc,PPhtBu2,BuOAc,0.057,90,0.0,0.073475425
338,KOAc,tBPh-CPhos,BuOAc,0.057,90,2.72,0.299202009
339,KOAc,PCy3 HBF4,BuOAc,0.057,90,0.0,0.062434198
340,KOAc,PPh3,BuOAc,0.057,90,1.27,0.056573425
341,KOAc,X-Phos,BuOAc,0.057,90,32.71,0.064947618
342,KOPiv,BrettPhos,BuOAc,0.057,90,61.94,0.175288313
343,KOPiv,PPhtBu2,BuOAc,0.057,90,0.0,0.072381125
344,KOPiv,tBPh-CPhos,BuOAc,0.057,90,17.9,0.29819309
345,KOPiv,PCy3 HBF4,BuOAc,0.057,90,0.0,0.061339898
346,KOPiv,PPh3,BuOAc,0.057,90,0.05,0.055472263
347,KOPiv,X-Phos,BuOAc,0.057,90,68.86,0.064056646
348,CsOAc,BrettPhos,BuOAc,0.057,90,22.92,0.221663589
349,CsOAc,PPhtBu2,BuOAc,0.057,90,0.0,0.118975871
350,CsOAc,tBPh-CPhos,BuOAc,0.057,90,7.84,0.344731253
351,CsOAc,PCy3 HBF4,BuOAc,0.057,90,0.0,0.107934644
352,CsOAc,PPh3,BuOAc,0.057,90,1.03,0.102072521
353,CsOAc,X-Phos,BuOAc,0.057,90,61.71,0.110611176
354,CsOPiv,BrettPhos,BuOAc,0.057,90,28.74,0.26256959
355,CsOPiv,PPhtBu2,BuOAc,0.057,90,0.0,0.159849137
356,CsOPiv,tBPh-CPhos,BuOAc,0.057,90,16.51,0.385653284
357,CsOPiv,PCy3 HBF4,BuOAc,0.057,90,0.0,0.14880791
358,CsOPiv,PPh3,BuOAc,0.057,90,0.43,0.14294241300000002
359,CsOPiv,X-Phos,BuOAc,0.057,90,62.34,0.151487986
360,KOAc,BrettPhos,p-Xylene,0.057,90,12.39,0.159899863
361,KOAc,PPhtBu2,p-Xylene,0.057,90,0.0,0.05729584
362,KOAc,tBPh-CPhos,p-Xylene,0.057,90,6.98,0.283032601
363,KOAc,PCy3 HBF4,p-Xylene,0.057,90,0.0,0.046254613
364,KOAc,PPh3,p-Xylene,0.057,90,0.24,0.040387573
365,KOAc,X-Phos,p-Xylene,0.057,90,22.31,0.048665479000000005
366,KOPiv,BrettPhos,p-Xylene,0.057,90,38.68,0.158901515
367,KOPiv,PPhtBu2,p-Xylene,0.057,90,0.0,0.056201541
368,KOPiv,tBPh-CPhos,p-Xylene,0.057,90,19.77,0.281984981
369,KOPiv,PCy3 HBF4,p-Xylene,0.057,90,0.0,0.045160314000000014
370,KOPiv,PPh3,p-Xylene,0.057,90,0.04,0.039292543
371,KOPiv,X-Phos,p-Xylene,0.057,90,23.45,0.04757534
372,CsOAc,BrettPhos,p-Xylene,0.057,90,25.62,0.205448596
373,CsOAc,PPhtBu2,p-Xylene,0.057,90,0.0,0.102796287
374,CsOAc,tBPh-CPhos,p-Xylene,0.057,90,16.76,0.328568741
375,CsOAc,PCy3 HBF4,p-Xylene,0.057,90,0.0,0.09175506
376,CsOAc,PPh3,p-Xylene,0.057,90,2.04,0.08589458900000001
377,CsOAc,X-Phos,p-Xylene,0.057,90,53.43,0.094279506
378,CsOPiv,BrettPhos,p-Xylene,0.057,90,21.8,0.24630792
379,CsOPiv,PPhtBu2,p-Xylene,0.057,90,0.0,0.143669553
380,CsOPiv,tBPh-CPhos,p-Xylene,0.057,90,25.31,0.369473213
381,CsOPiv,PCy3 HBF4,p-Xylene,0.057,90,0.0,0.132628326
382,CsOPiv,PPh3,p-Xylene,0.057,90,0.01,0.126760446
383,CsOPiv,X-Phos,p-Xylene,0.057,90,34.98,0.135085434
384,KOAc,BrettPhos,DMAc,0.057,105,2.41,0.155894292
385,KOAc,PPhtBu2,DMAc,0.057,105,0.12,0.053328888
386,KOAc,tBPh-CPhos,DMAc,0.057,105,68.71,0.279237903
387,KOAc,PCy3 HBF4,DMAc,0.057,105,6.22,0.042305246
388,KOAc,PPh3,DMAc,0.057,105,27.82,0.036499598
389,KOAc,X-Phos,DMAc,0.057,105,55.4,0.044776461
390,KOPiv,BrettPhos,DMAc,0.057,105,0.0,0.154793045
391,KOPiv,PPhtBu2,DMAc,0.057,105,0.0,0.052234242
392,KOPiv,tBPh-CPhos,DMAc,0.057,105,18.42,0.277998628
393,KOPiv,PCy3 HBF4,DMAc,0.057,105,10.98,0.041224668
394,KOPiv,PPh3,DMAc,0.057,105,63.61,0.035508473
395,KOPiv,X-Phos,DMAc,0.057,105,61.0,0.043698305
396,CsOAc,BrettPhos,DMAc,0.057,105,1.85,0.201393124
397,CsOAc,PPhtBu2,DMAc,0.057,105,0.0,0.098828988
398,CsOAc,tBPh-CPhos,DMAc,0.057,105,42.43,0.32466259
399,CsOAc,PCy3 HBF4,DMAc,0.057,105,15.26,0.087831752
400,CsOAc,PPh3,DMAc,0.057,105,53.46,0.082073958
401,CsOAc,X-Phos,DMAc,0.057,105,89.17,0.090374259
402,CsOPiv,BrettPhos,DMAc,0.057,105,0.0,0.242261057
403,CsOPiv,PPhtBu2,DMAc,0.057,105,0.0,0.139702254
404,CsOPiv,tBPh-CPhos,DMAc,0.057,105,7.33,0.36543467
405,CsOPiv,PCy3 HBF4,DMAc,0.057,105,11.52,0.128694237
406,CsOPiv,PPh3,DMAc,0.057,105,59.68,0.122965155
407,CsOPiv,X-Phos,DMAc,0.057,105,30.21,0.13107755599999998
408,KOAc,BrettPhos,BuCN,0.057,105,6.0,0.186485974
409,KOAc,PPhtBu2,BuCN,0.057,105,0.0,0.083881103
410,KOAc,tBPh-CPhos,BuCN,0.057,105,6.57,0.309642833
411,KOAc,PCy3 HBF4,BuCN,0.057,105,0.0,0.072839876
412,KOAc,PPh3,BuCN,0.057,105,6.77,0.06702394099999999
413,KOAc,X-Phos,BuCN,0.057,105,12.54,0.0752656
414,KOPiv,BrettPhos,BuCN,0.057,105,29.14,0.185569348
415,KOPiv,PPhtBu2,BuCN,0.057,105,0.0,0.08278680299999999
416,KOPiv,tBPh-CPhos,BuCN,0.057,105,5.77,0.308542391
417,KOPiv,PCy3 HBF4,BuCN,0.057,105,0.85,0.071752102
418,KOPiv,PPh3,BuCN,0.057,105,6.78,0.065929718
419,KOPiv,X-Phos,BuCN,0.057,105,31.13,0.074314038
420,CsOAc,BrettPhos,BuCN,0.057,105,45.11,0.232286715
421,CsOAc,PPhtBu2,BuCN,0.057,105,0.0,0.129381549
422,CsOAc,tBPh-CPhos,BuCN,0.057,105,5.6,0.35513583200000004
423,CsOAc,PCy3 HBF4,BuCN,0.057,105,1.13,0.118348998
424,CsOAc,PPh3,BuCN,0.057,105,9.16,0.112542738
425,CsOAc,X-Phos,BuCN,0.057,105,72.89,0.121229425
426,CsOPiv,BrettPhos,BuCN,0.057,105,39.86,0.27311967
427,CsOPiv,PPhtBu2,BuCN,0.057,105,0.0,0.170254815
428,CsOPiv,tBPh-CPhos,BuCN,0.057,105,5.06,0.396004952
429,CsOPiv,PCy3 HBF4,BuCN,0.057,105,1.95,0.15922856
430,CsOPiv,PPh3,BuCN,0.057,105,6.51,0.153395657
431,CsOPiv,X-Phos,BuCN,0.057,105,36.65,0.16182443400000002
432,KOAc,BrettPhos,BuOAc,0.057,105,16.39,0.17612641399999998
433,KOAc,PPhtBu2,BuOAc,0.057,105,0.0,0.073475425
434,KOAc,tBPh-CPhos,BuOAc,0.057,105,2.85,0.29920274
435,KOAc,PCy3 HBF4,BuOAc,0.057,105,0.0,0.062434198
436,KOAc,PPh3,BuOAc,0.057,105,1.94,0.056577194
437,KOAc,X-Phos,BuOAc,0.057,105,41.69,0.06499812599999999
438,KOPiv,BrettPhos,BuOAc,0.057,105,48.88,0.175214857
439,KOPiv,PPhtBu2,BuOAc,0.057,105,0.0,0.072381125
440,KOPiv,tBPh-CPhos,BuOAc,0.057,105,11.64,0.29815788
441,KOPiv,PCy3 HBF4,BuOAc,0.057,105,0.0,0.061339898
442,KOPiv,PPh3,BuOAc,0.057,105,0.98,0.055477494
443,KOPiv,X-Phos,BuOAc,0.057,105,69.26,0.06405889599999999
444,CsOAc,BrettPhos,BuOAc,0.057,105,27.71,0.22169053
445,CsOAc,PPhtBu2,BuOAc,0.057,105,0.0,0.118975871
446,CsOAc,tBPh-CPhos,BuOAc,0.057,105,10.39,0.344745595
447,CsOAc,PCy3 HBF4,BuOAc,0.057,105,0.0,0.107934644
448,CsOAc,PPh3,BuOAc,0.057,105,2.72,0.102082027
449,CsOAc,X-Phos,BuOAc,0.057,105,80.77,0.11071838
450,CsOPiv,BrettPhos,BuOAc,0.057,105,49.23,0.262684837
451,CsOPiv,PPhtBu2,BuOAc,0.057,105,0.0,0.159849137
452,CsOPiv,tBPh-CPhos,BuOAc,0.057,105,11.3,0.38562398
453,CsOPiv,PCy3 HBF4,BuOAc,0.057,105,0.0,0.14880791
454,CsOPiv,PPh3,BuOAc,0.057,105,0.58,0.142943256
455,CsOPiv,X-Phos,BuOAc,0.057,105,5.4,0.151167723
456,KOAc,BrettPhos,p-Xylene,0.057,105,13.19,0.15990278300000002
457,KOAc,PPhtBu2,p-Xylene,0.057,105,0.0,0.05729584
458,KOAc,tBPh-CPhos,p-Xylene,0.057,105,6.45,0.28303066600000004
459,KOAc,PCy3 HBF4,p-Xylene,0.057,105,0.0,0.046254613
460,KOAc,PPh3,p-Xylene,0.057,105,1.16,0.040390931
461,KOAc,X-Phos,p-Xylene,0.057,105,13.41,0.048632996
462,KOPiv,BrettPhos,p-Xylene,0.057,105,29.85,0.158869288
463,KOPiv,PPhtBu2,p-Xylene,0.057,105,0.0,0.056201541
464,KOPiv,tBPh-CPhos,p-Xylene,0.057,105,21.43,0.28199104
465,KOPiv,PCy3 HBF4,p-Xylene,0.057,105,0.0,0.045160314000000014
466,KOPiv,PPh3,p-Xylene,0.057,105,0.48,0.039294149
467,KOPiv,X-Phos,p-Xylene,0.057,105,26.12,0.047585085
468,CsOAc,BrettPhos,p-Xylene,0.057,105,36.14,0.205486991
469,CsOAc,PPhtBu2,p-Xylene,0.057,105,0.0,0.102796287
470,CsOAc,tBPh-CPhos,p-Xylene,0.057,105,14.43,0.328560237
471,CsOAc,PCy3 HBF4,p-Xylene,0.057,105,0.0,0.09175506
472,CsOAc,PPh3,p-Xylene,0.057,105,3.18,0.08589875
473,CsOAc,X-Phos,p-Xylene,0.057,105,54.41,0.094283082
474,CsOPiv,BrettPhos,p-Xylene,0.057,105,23.53,0.246314234
475,CsOPiv,PPhtBu2,p-Xylene,0.057,105,0.0,0.143669553
476,CsOPiv,tBPh-CPhos,p-Xylene,0.057,105,23.1,0.3694651470000001
477,CsOPiv,PCy3 HBF4,p-Xylene,0.057,105,0.0,0.132628326
478,CsOPiv,PPh3,p-Xylene,0.057,105,0.44,0.126762015
479,CsOPiv,X-Phos,p-Xylene,0.057,105,39.81,0.135103062
480,KOAc,BrettPhos,DMAc,0.057,120,3.14,0.155896396
481,KOAc,PPhtBu2,DMAc,0.057,120,2.13,0.053334682
482,KOAc,tBPh-CPhos,DMAc,0.057,120,88.89,0.279296077
483,KOAc,PCy3 HBF4,DMAc,0.057,120,18.38,0.0423403
484,KOAc,PPh3,DMAc,0.057,120,45.85,0.036551574
485,KOAc,X-Phos,DMAc,0.057,120,77.58,0.044840401
486,KOPiv,BrettPhos,DMAc,0.057,120,0.0,0.154793045
487,KOPiv,PPhtBu2,DMAc,0.057,120,2.82,0.052242372
488,KOPiv,tBPh-CPhos,DMAc,0.057,120,55.96,0.278106848
489,KOPiv,PCy3 HBF4,DMAc,0.057,120,29.51,0.041278086
490,KOPiv,PPh3,DMAc,0.057,120,91.27,0.03558821
491,KOPiv,X-Phos,DMAc,0.057,120,62.07,0.043701389000000014
492,CsOAc,BrettPhos,DMAc,0.057,120,1.68,0.201392634
493,CsOAc,PPhtBu2,DMAc,0.057,120,1.62,0.098833658
494,CsOAc,tBPh-CPhos,DMAc,0.057,120,66.84,0.324732958
495,CsOAc,PCy3 HBF4,DMAc,0.057,120,35.61,0.087890417
496,CsOAc,PPh3,DMAc,0.057,120,89.71,0.08217845900000001
497,CsOAc,X-Phos,DMAc,0.057,120,88.41,0.090372068
498,CsOPiv,BrettPhos,DMAc,0.057,120,0.0,0.242261057
499,CsOPiv,PPhtBu2,DMAc,0.057,120,0.0,0.139702254
500,CsOPiv,tBPh-CPhos,DMAc,0.057,120,14.24,0.36545459
501,CsOPiv,PCy3 HBF4,DMAc,0.057,120,26.22,0.128736614
502,CsOPiv,PPh3,DMAc,0.057,120,84.64,0.123037109
503,CsOPiv,X-Phos,DMAc,0.057,120,38.48,0.13110139699999998
504,KOAc,BrettPhos,BuCN,0.057,120,17.0,0.186570434
505,KOAc,PPhtBu2,BuCN,0.057,120,0.0,0.083881103
506,KOAc,tBPh-CPhos,BuCN,0.057,120,8.52,0.30965780600000004
507,KOAc,PCy3 HBF4,BuCN,0.057,120,0.89,0.07284670900000001
508,KOAc,PPh3,BuCN,0.057,120,11.5,0.067060259
509,KOAc,X-Phos,BuCN,0.057,120,43.22,0.07550116700000001
510,KOPiv,BrettPhos,BuCN,0.057,120,50.55,0.185733738
511,KOPiv,PPhtBu2,BuCN,0.057,120,0.0,0.08278680299999999
512,KOPiv,tBPh-CPhos,BuCN,0.057,120,6.2,0.308545693
513,KOPiv,PCy3 HBF4,BuCN,0.057,120,3.25,0.07177053
514,KOPiv,PPh3,BuCN,0.057,120,12.19,0.065971257
515,KOPiv,X-Phos,BuCN,0.057,120,27.8,0.07428847
516,CsOAc,BrettPhos,BuCN,0.057,120,54.26,0.23235697
517,CsOAc,PPhtBu2,BuCN,0.057,120,0.0,0.129381549
518,CsOAc,tBPh-CPhos,BuCN,0.057,120,7.42,0.355149806
519,CsOAc,PCy3 HBF4,BuCN,0.057,120,3.04,0.118363664
520,CsOAc,PPh3,BuCN,0.057,120,11.19,0.112558325
521,CsOAc,X-Phos,BuCN,0.057,120,72.21,0.121224204
522,CsOPiv,BrettPhos,BuCN,0.057,120,42.63,0.273140939
523,CsOPiv,PPhtBu2,BuCN,0.057,120,0.0,0.170254815
524,CsOPiv,tBPh-CPhos,BuCN,0.057,120,5.24,0.396006334
525,CsOPiv,PCy3 HBF4,BuCN,0.057,120,4.78,0.15925029
526,CsOPiv,PPh3,BuCN,0.057,120,9.46,0.153418308
527,CsOPiv,X-Phos,BuCN,0.057,120,31.51,0.161784968
528,KOAc,BrettPhos,BuOAc,0.057,120,27.16,0.17618699100000002
529,KOAc,PPhtBu2,BuOAc,0.057,120,0.0,0.073475425
530,KOAc,tBPh-CPhos,BuOAc,0.057,120,6.22,0.299221695
531,KOAc,PCy3 HBF4,BuOAc,0.057,120,0.0,0.062434198
532,KOAc,PPh3,BuOAc,0.057,120,5.67,0.056598173
533,KOAc,X-Phos,BuOAc,0.057,120,61.86,0.065111574
534,KOPiv,BrettPhos,BuOAc,0.057,120,66.9,0.17531621100000006
535,KOPiv,PPhtBu2,BuOAc,0.057,120,0.0,0.072381125
536,KOPiv,tBPh-CPhos,BuOAc,0.057,120,3.88,0.298114234
537,KOPiv,PCy3 HBF4,BuOAc,0.057,120,0.0,0.061339898
538,KOPiv,PPh3,BuOAc,0.057,120,3.07,0.05548925
539,KOPiv,X-Phos,BuOAc,0.057,120,21.74,0.063791616
540,CsOAc,BrettPhos,BuOAc,0.057,120,30.02,0.221703523
541,CsOAc,PPhtBu2,BuOAc,0.057,120,0.0,0.118975871
542,CsOAc,tBPh-CPhos,BuOAc,0.057,120,4.85,0.344714435
543,CsOAc,PCy3 HBF4,BuOAc,0.057,120,0.0,0.107934644
544,CsOAc,PPh3,BuOAc,0.057,120,3.51,0.10208647
545,CsOAc,X-Phos,BuOAc,0.057,120,7.02,0.110303569
546,CsOPiv,BrettPhos,BuOAc,0.057,120,33.65,0.262597206
547,CsOPiv,PPhtBu2,BuOAc,0.057,120,0.0,0.159849137
548,CsOPiv,tBPh-CPhos,BuOAc,0.057,120,8.24,0.385606769
549,CsOPiv,PCy3 HBF4,BuOAc,0.057,120,0.0,0.14880791
550,CsOPiv,PPh3,BuOAc,0.057,120,2.35,0.142953212
551,CsOPiv,X-Phos,BuOAc,0.057,120,22.87,0.151265984
552,KOAc,BrettPhos,p-Xylene,0.057,120,8.69,0.159886359
553,KOAc,PPhtBu2,p-Xylene,0.057,120,0.0,0.05729584
554,KOAc,tBPh-CPhos,p-Xylene,0.057,120,0.15,0.283007673
555,KOAc,PCy3 HBF4,p-Xylene,0.057,120,0.0,0.046254613
556,KOAc,PPh3,p-Xylene,0.057,120,2.59,0.04039615
557,KOAc,X-Phos,p-Xylene,0.057,120,45.62,0.048750555
558,KOPiv,BrettPhos,p-Xylene,0.057,120,43.05,0.158917465
559,KOPiv,PPhtBu2,p-Xylene,0.057,120,0.0,0.056201541
560,KOPiv,tBPh-CPhos,p-Xylene,0.057,120,18.22,0.281979324
561,KOPiv,PCy3 HBF4,p-Xylene,0.057,120,0.0,0.045160314000000014
562,KOPiv,PPh3,p-Xylene,0.057,120,2.44,0.039301303
563,KOPiv,X-Phos,p-Xylene,0.057,120,26.97,0.047588187
564,CsOAc,BrettPhos,p-Xylene,0.057,120,38.44,0.205495385
565,CsOAc,PPhtBu2,p-Xylene,0.057,120,0.0,0.102796287
566,CsOAc,tBPh-CPhos,p-Xylene,0.057,120,15.98,0.328565895
567,CsOAc,PCy3 HBF4,p-Xylene,0.057,120,0.0,0.09175506
568,CsOAc,PPh3,p-Xylene,0.057,120,6.18,0.085909699
569,CsOAc,X-Phos,p-Xylene,0.057,120,54.52,0.094283484
570,CsOPiv,BrettPhos,p-Xylene,0.057,120,26.52,0.246325146
571,CsOPiv,PPhtBu2,p-Xylene,0.057,120,0.0,0.143669553
572,CsOPiv,tBPh-CPhos,p-Xylene,0.057,120,20.07,0.369454088
573,CsOPiv,PCy3 HBF4,p-Xylene,0.057,120,0.0,0.132628326
574,CsOPiv,PPh3,p-Xylene,0.057,120,1.76,0.126766833
575,CsOPiv,X-Phos,p-Xylene,0.057,120,39.32,0.135101274
576,KOAc,BrettPhos,DMAc,0.153,90,5.75,0.141125799
577,KOAc,PPhtBu2,DMAc,0.153,90,0.0,0.03855042
578,KOAc,tBPh-CPhos,DMAc,0.153,90,37.38,0.264369463
579,KOAc,PCy3 HBF4,DMAc,0.153,90,0.41,0.027510375
580,KOAc,PPh3,DMAc,0.153,90,11.68,0.021674948
581,KOAc,X-Phos,DMAc,0.153,90,38.79,0.029950456
582,KOPiv,BrettPhos,DMAc,0.153,90,0.66,0.14001682599999998
583,KOPiv,PPhtBu2,DMAc,0.153,90,0.0,0.03745612
584,KOPiv,tBPh-CPhos,DMAc,0.153,90,8.5,0.263191909
585,KOPiv,PCy3 HBF4,DMAc,0.153,90,2.52,0.026422158
586,KOPiv,PPh3,DMAc,0.153,90,38.79,0.0206588
587,KOPiv,X-Phos,DMAc,0.153,90,60.68,0.02891926
588,CsOAc,BrettPhos,DMAc,0.153,90,6.26,0.186627715
589,CsOAc,PPhtBu2,DMAc,0.153,90,0.0,0.084050866
590,CsOAc,tBPh-CPhos,DMAc,0.153,90,12.44,0.309798013
591,CsOAc,PCy3 HBF4,DMAc,0.153,90,2.53,0.07301693299999999
592,CsOAc,PPh3,DMAc,0.153,90,31.85,0.06723354
593,CsOAc,X-Phos,DMAc,0.153,90,86.14,0.075587402
594,CsOPiv,BrettPhos,DMAc,0.153,90,0.0,0.227482935
595,CsOPiv,PPhtBu2,DMAc,0.153,90,0.0,0.124924132
596,CsOPiv,tBPh-CPhos,DMAc,0.153,90,3.55,0.350645651
597,CsOPiv,PCy3 HBF4,DMAc,0.153,90,2.53,0.113890199
598,CsOPiv,PPh3,DMAc,0.153,90,28.53,0.108097235
599,CsOPiv,X-Phos,DMAc,0.153,90,27.79,0.116292458
600,KOAc,BrettPhos,BuCN,0.153,90,12.07,0.153178608
601,KOAc,PPhtBu2,BuCN,0.153,90,0.0,0.05052713
602,KOAc,tBPh-CPhos,BuCN,0.153,90,4.97,0.276276575
603,KOAc,PCy3 HBF4,BuCN,0.153,90,0.0,0.039485903
604,KOAc,PPh3,BuCN,0.153,90,2.66,0.03363841
605,KOAc,X-Phos,BuCN,0.153,90,32.5,0.042064884
606,KOPiv,BrettPhos,BuCN,0.153,90,13.31,0.152093829
607,KOPiv,PPhtBu2,BuCN,0.153,90,0.0,0.04943283
608,KOPiv,tBPh-CPhos,BuCN,0.153,90,5.65,0.275187497
609,KOPiv,PCy3 HBF4,BuCN,0.153,90,0.0,0.038391603
610,KOPiv,PPh3,BuCN,0.153,90,0.85,0.032530212999999995
611,KOPiv,X-Phos,BuCN,0.153,90,33.95,0.040981717
612,CsOAc,BrettPhos,BuCN,0.153,90,28.02,0.198801521
613,CsOAc,PPhtBu2,BuCN,0.153,90,0.0,0.096027576
614,CsOAc,tBPh-CPhos,BuCN,0.153,90,0.0,0.32173886100000004
615,CsOAc,PCy3 HBF4,BuCN,0.153,90,0.0,0.084986349
616,CsOAc,PPh3,BuCN,0.153,90,0.0,0.079118433
617,CsOAc,X-Phos,BuCN,0.153,90,0.0,0.087315789
618,CsOPiv,BrettPhos,BuCN,0.153,90,54.55,0.239878489
619,CsOPiv,PPhtBu2,BuCN,0.153,90,0.0,0.136900842
620,CsOPiv,tBPh-CPhos,BuCN,0.153,90,8.95,0.362680847
621,CsOPiv,PCy3 HBF4,BuCN,0.153,90,0.0,0.125859615
622,CsOPiv,PPh3,BuCN,0.153,90,2.53,0.120011125
623,CsOPiv,X-Phos,BuCN,0.153,90,75.4,0.12876799
624,KOAc,BrettPhos,BuOAc,0.153,90,15.36,0.14904115699999998
625,KOAc,PPhtBu2,BuOAc,0.153,90,0.0,0.046395962
626,KOAc,tBPh-CPhos,BuOAc,0.153,90,3.68,0.272127945
627,KOAc,PCy3 HBF4,BuOAc,0.153,90,0.0,0.035354735
628,KOAc,PPh3,BuOAc,0.153,90,1.39,0.029494637
629,KOAc,X-Phos,BuOAc,0.153,90,25.35,0.037826757
630,KOPiv,BrettPhos,BuOAc,0.153,90,42.48,0.148099396
631,KOPiv,PPhtBu2,BuOAc,0.153,90,0.0,0.045301662
632,KOPiv,tBPh-CPhos,BuOAc,0.153,90,11.24,0.271076167
633,KOPiv,PCy3 HBF4,BuOAc,0.153,90,0.0,0.034260435
634,KOPiv,PPh3,BuOAc,0.153,90,2.58,0.02840703
635,KOPiv,X-Phos,BuOAc,0.153,90,32.68,0.036773686
636,CsOAc,BrettPhos,BuOAc,0.153,90,17.16,0.194551728
637,CsOAc,PPhtBu2,BuOAc,0.153,90,0.0,0.091896408
638,CsOAc,tBPh-CPhos,BuOAc,0.153,90,7.74,0.317651227
639,CsOAc,PCy3 HBF4,BuOAc,0.153,90,0.0,0.080855181
640,CsOAc,PPh3,BuOAc,0.153,90,0.81,0.074991821
641,CsOAc,X-Phos,BuOAc,0.153,90,82.21,0.08364701599999999
642,CsOPiv,BrettPhos,BuOAc,0.153,90,21.5,0.235449405
643,CsOPiv,PPhtBu2,BuOAc,0.153,90,0.0,0.132769674
644,CsOPiv,tBPh-CPhos,BuOAc,0.153,90,8.72,0.358530005
645,CsOPiv,PCy3 HBF4,BuOAc,0.153,90,0.0,0.121728447
646,CsOPiv,PPh3,BuOAc,0.153,90,0.6,0.115863905
647,CsOPiv,X-Phos,BuOAc,0.153,90,46.57,0.124319823
648,KOAc,BrettPhos,p-Xylene,0.153,90,13.85,0.142732849
649,KOAc,PPhtBu2,p-Xylene,0.153,90,0.0,0.040123498
650,KOAc,tBPh-CPhos,p-Xylene,0.153,90,9.79,0.265870514
651,KOAc,PCy3 HBF4,p-Xylene,0.153,90,0.0,0.029082271
652,KOAc,PPh3,p-Xylene,0.153,90,0.78,0.023217201
653,KOAc,X-Phos,p-Xylene,0.153,90,28.36,0.031515218
654,KOPiv,BrettPhos,p-Xylene,0.153,90,38.45,0.141728333
655,KOPiv,PPhtBu2,p-Xylene,0.153,90,0.0,0.039029198
656,KOPiv,tBPh-CPhos,p-Xylene,0.153,90,24.02,0.26482815
657,KOPiv,PCy3 HBF4,p-Xylene,0.153,90,0.0,0.027987971
658,KOPiv,PPh3,p-Xylene,0.153,90,1.58,0.022125821
659,KOPiv,X-Phos,p-Xylene,0.153,90,31.55,0.03043256
660,CsOAc,BrettPhos,p-Xylene,0.153,90,41.03,0.188332496
661,CsOAc,PPhtBu2,p-Xylene,0.153,90,0.0,0.08562394400000001
662,CsOAc,tBPh-CPhos,p-Xylene,0.153,90,17.53,0.311399209
663,CsOAc,PCy3 HBF4,p-Xylene,0.153,90,0.0,0.074582717
664,CsOAc,PPh3,p-Xylene,0.153,90,5.38,0.068734436
665,CsOAc,X-Phos,p-Xylene,0.153,90,66.03,0.07715315
666,CsOPiv,BrettPhos,p-Xylene,0.153,90,23.57,0.229142037
667,CsOPiv,PPhtBu2,p-Xylene,0.153,90,0.0,0.12649721
668,CsOPiv,tBPh-CPhos,p-Xylene,0.153,90,25.67,0.352302184
669,CsOPiv,PCy3 HBF4,p-Xylene,0.153,90,0.0,0.115455983
670,CsOPiv,PPh3,p-Xylene,0.153,90,0.25,0.109588979
671,CsOPiv,X-Phos,p-Xylene,0.153,90,44.28,0.117947034
672,KOAc,BrettPhos,DMAc,0.153,105,5.49,0.141125049
673,KOAc,PPhtBu2,DMAc,0.153,105,0.0,0.03855042
674,KOAc,tBPh-CPhos,DMAc,0.153,105,57.33,0.264426975
675,KOAc,PCy3 HBF4,DMAc,0.153,105,5.25,0.027524328
676,KOAc,PPh3,DMAc,0.153,105,30.44,0.021729029
677,KOAc,X-Phos,DMAc,0.153,105,48.86,0.029979486
678,KOPiv,BrettPhos,DMAc,0.153,105,0.74,0.140017056
679,KOPiv,PPhtBu2,DMAc,0.153,105,0.0,0.03745612
680,KOPiv,tBPh-CPhos,DMAc,0.153,105,24.8,0.263238898
681,KOPiv,PCy3 HBF4,DMAc,0.153,105,12.78,0.026451735
682,KOPiv,PPh3,DMAc,0.153,105,71.11,0.020751972
683,KOPiv,X-Phos,DMAc,0.153,105,82.28,0.028981528
684,CsOAc,BrettPhos,DMAc,0.153,105,7.34,0.186630829
685,CsOAc,PPhtBu2,DMAc,0.153,105,0.0,0.084050866
686,CsOAc,tBPh-CPhos,DMAc,0.153,105,20.73,0.309821911
687,CsOAc,PCy3 HBF4,DMAc,0.153,105,10.25,0.073039188
688,CsOAc,PPh3,DMAc,0.153,105,66.27,0.067332765
689,CsOAc,X-Phos,DMAc,0.153,105,84.48,0.075582617
690,CsOPiv,BrettPhos,DMAc,0.153,105,0.0,0.227482935
691,CsOPiv,PPhtBu2,DMAc,0.153,105,0.0,0.124924132
692,CsOPiv,tBPh-CPhos,DMAc,0.153,105,6.54,0.350654271
693,CsOPiv,PCy3 HBF4,DMAc,0.153,105,9.07,0.113909052
694,CsOPiv,PPh3,DMAc,0.153,105,45.28,0.108145522
695,CsOPiv,X-Phos,DMAc,0.153,105,40.06,0.11632783
696,KOAc,BrettPhos,BuCN,0.153,105,22.3,0.153257156
697,KOAc,PPhtBu2,BuCN,0.153,105,0.0,0.05052713
698,KOAc,tBPh-CPhos,BuCN,0.153,105,6.88,0.276291241
699,KOAc,PCy3 HBF4,BuCN,0.153,105,0.0,0.039485903
700,KOAc,PPh3,BuCN,0.153,105,6.67,0.0336692
701,KOAc,X-Phos,BuCN,0.153,105,75.39,0.042394201
702,KOPiv,BrettPhos,BuCN,0.153,105,58.95,0.152444261
703,KOPiv,PPhtBu2,BuCN,0.153,105,0.0,0.04943283
704,KOPiv,tBPh-CPhos,BuCN,0.153,105,10.05,0.27522128100000004
705,KOPiv,PCy3 HBF4,BuCN,0.153,105,1.37,0.038402122
706,KOPiv,PPh3,BuCN,0.153,105,7.88,0.032584191
707,KOPiv,X-Phos,BuCN,0.153,105,73.33,0.041284084
708,CsOAc,BrettPhos,BuCN,0.153,105,73.08,0.1991475
709,CsOAc,PPhtBu2,BuCN,0.153,105,0.0,0.096027576
710,CsOAc,tBPh-CPhos,BuCN,0.153,105,6.4,0.321788001
711,CsOAc,PCy3 HBF4,BuCN,0.153,105,2.15,0.08500285699999999
712,CsOAc,PPh3,BuCN,0.153,105,5.55,0.079161047
713,CsOAc,X-Phos,BuCN,0.153,105,84.62,0.087965517
714,CsOPiv,BrettPhos,BuCN,0.153,105,56.5,0.239893462
715,CsOPiv,PPhtBu2,BuCN,0.153,105,0.0,0.136900842
716,CsOPiv,tBPh-CPhos,BuCN,0.153,105,8.84,0.3626800020000001
717,CsOPiv,PCy3 HBF4,BuCN,0.153,105,2.01,0.12587504800000002
718,CsOPiv,PPh3,BuCN,0.153,105,4.1,0.120023179
719,CsOPiv,X-Phos,BuCN,0.153,105,79.76,0.128801467
720,KOAc,BrettPhos,BuOAc,0.153,105,17.26,0.14905184400000002
721,KOAc,PPhtBu2,BuOAc,0.153,105,0.0,0.046395962
722,KOAc,tBPh-CPhos,BuOAc,0.153,105,0.0,0.272107247
723,KOAc,PCy3 HBF4,BuOAc,0.153,105,0.0,0.035354735
724,KOAc,PPh3,BuOAc,0.153,105,4.51,0.029512185
725,KOAc,X-Phos,BuOAc,0.153,105,53.49,0.037985033
726,KOPiv,BrettPhos,BuOAc,0.153,105,33.97,0.148051531
727,KOPiv,PPhtBu2,BuOAc,0.153,105,0.0,0.045301662
728,KOPiv,tBPh-CPhos,BuOAc,0.153,105,0.0,0.271012947
729,KOPiv,PCy3 HBF4,BuOAc,0.153,105,0.0,0.034260435
730,KOPiv,PPh3,BuOAc,0.153,105,2.95,0.028409111
731,KOPiv,X-Phos,BuOAc,0.153,105,44.48,0.036840056
732,CsOAc,BrettPhos,BuOAc,0.153,105,20.35,0.19456967
733,CsOAc,PPhtBu2,BuOAc,0.153,105,0.0,0.091896408
734,CsOAc,tBPh-CPhos,BuOAc,0.153,105,0.0,0.317607693
735,CsOAc,PCy3 HBF4,BuOAc,0.153,105,0.0,0.080855181
736,CsOAc,PPh3,BuOAc,0.153,105,4.2,0.075010888
737,CsOAc,X-Phos,BuOAc,0.153,105,81.66,0.083643923
738,CsOPiv,BrettPhos,BuOAc,0.153,105,24.56,0.235466616
739,CsOPiv,PPhtBu2,BuOAc,0.153,105,0.0,0.132769674
740,CsOPiv,tBPh-CPhos,BuOAc,0.153,105,0.0,0.358480959
741,CsOPiv,PCy3 HBF4,BuOAc,0.153,105,0.0,0.121728447
742,CsOPiv,PPh3,BuOAc,0.153,105,1.94,0.115871442
743,CsOPiv,X-Phos,BuOAc,0.153,105,5.53,0.124088991
744,KOAc,BrettPhos,p-Xylene,0.153,105,16.87,0.142743871
745,KOAc,PPhtBu2,p-Xylene,0.153,105,0.0,0.040123498
746,KOAc,tBPh-CPhos,p-Xylene,0.153,105,8.3,0.26586507600000003
747,KOAc,PCy3 HBF4,p-Xylene,0.153,105,0.0,0.029082271
748,KOAc,PPh3,p-Xylene,0.153,105,3.57,0.023227384
749,KOAc,X-Phos,p-Xylene,0.153,105,39.32,0.031555219
750,KOPiv,BrettPhos,p-Xylene,0.153,105,40.76,0.14173676400000002
751,KOPiv,PPhtBu2,p-Xylene,0.153,105,0.0,0.039029198
752,KOPiv,tBPh-CPhos,p-Xylene,0.153,105,47.33,0.264913225
753,KOPiv,PCy3 HBF4,p-Xylene,0.153,105,0.0,0.027987971
754,KOPiv,PPh3,p-Xylene,0.153,105,6.42,0.022143486
755,KOPiv,X-Phos,p-Xylene,0.153,105,34.45,0.030443145
756,CsOAc,BrettPhos,p-Xylene,0.153,105,44.16,0.188343919
757,CsOAc,PPhtBu2,p-Xylene,0.153,105,0.0,0.08562394400000001
758,CsOAc,tBPh-CPhos,p-Xylene,0.153,105,20.31,0.311409355
759,CsOAc,PCy3 HBF4,p-Xylene,0.153,105,0.28,0.07458373900000001
760,CsOAc,PPh3,p-Xylene,0.153,105,13.71,0.06876483900000001
761,CsOAc,X-Phos,p-Xylene,0.153,105,76.63,0.077191837
762,CsOPiv,BrettPhos,p-Xylene,0.153,105,24.76,0.22914638
763,CsOPiv,PPhtBu2,p-Xylene,0.153,105,0.0,0.12649721
764,CsOPiv,tBPh-CPhos,p-Xylene,0.153,105,29.56,0.352316381
765,CsOPiv,PCy3 HBF4,p-Xylene,0.153,105,0.0,0.115455983
766,CsOPiv,PPh3,p-Xylene,0.153,105,2.11,0.109595768
767,CsOPiv,X-Phos,p-Xylene,0.153,105,73.93,0.118055249
768,KOAc,BrettPhos,DMAc,0.153,120,5.95,0.141126375
769,KOAc,PPhtBu2,DMAc,0.153,120,4.3,0.038562816
770,KOAc,tBPh-CPhos,DMAc,0.153,120,76.59,0.264482497
771,KOAc,PCy3 HBF4,DMAc,0.153,120,11.91,0.027543527
772,KOAc,PPh3,DMAc,0.153,120,51.83,0.021790691
773,KOAc,X-Phos,DMAc,0.153,120,84.67,0.030082718
774,KOPiv,BrettPhos,DMAc,0.153,120,0.89,0.140017489
775,KOPiv,PPhtBu2,DMAc,0.153,120,0.0,0.03745612
776,KOPiv,tBPh-CPhos,DMAc,0.153,120,45.01,0.263297159
777,KOPiv,PCy3 HBF4,DMAc,0.153,120,24.11,0.026484397000000003
778,KOPiv,PPh3,DMAc,0.153,120,79.1,0.020775005
779,KOPiv,X-Phos,DMAc,0.153,120,80.39,0.02897608
780,CsOAc,BrettPhos,DMAc,0.153,120,7.43,0.186631088
781,CsOAc,PPhtBu2,DMAc,0.153,120,0.51,0.08405233699999999
782,CsOAc,tBPh-CPhos,DMAc,0.153,120,32.21,0.309855006
783,CsOAc,PCy3 HBF4,DMAc,0.153,120,18.61,0.073063288
784,CsOAc,PPh3,DMAc,0.153,120,78.19,0.067367128
785,CsOAc,X-Phos,DMAc,0.153,120,84.49,0.075582645
786,CsOPiv,BrettPhos,DMAc,0.153,120,0.0,0.227482935
787,CsOPiv,PPhtBu2,DMAc,0.153,120,0.0,0.124924132
788,CsOPiv,tBPh-CPhos,DMAc,0.153,120,9.96,0.35066413
789,CsOPiv,PCy3 HBF4,DMAc,0.153,120,13.88,0.113922918
790,CsOPiv,PPh3,DMAc,0.153,120,58.4,0.108183344
791,CsOPiv,X-Phos,DMAc,0.153,120,48.34,0.116351699
792,KOAc,BrettPhos,BuCN,0.153,120,25.77,0.153283799
793,KOAc,PPhtBu2,BuCN,0.153,120,0.0,0.05052713
794,KOAc,tBPh-CPhos,BuCN,0.153,120,7.65,0.276297153
795,KOAc,PCy3 HBF4,BuCN,0.153,120,0.74,0.039491584
796,KOAc,PPh3,BuCN,0.153,120,12.34,0.033712735
797,KOAc,X-Phos,BuCN,0.153,120,78.6,0.042418848
798,KOPiv,BrettPhos,BuCN,0.153,120,58.48,0.152440653
799,KOPiv,PPhtBu2,BuCN,0.153,120,0.0,0.04943283
800,KOPiv,tBPh-CPhos,BuCN,0.153,120,9.61,0.275217902
801,KOPiv,PCy3 HBF4,BuCN,0.153,120,2.77,0.038412871
802,KOPiv,PPh3,BuCN,0.153,120,15.64,0.032643774
803,KOPiv,X-Phos,BuCN,0.153,120,71.43,0.041269496
804,CsOAc,BrettPhos,BuCN,0.153,120,69.03,0.199116404
805,CsOAc,PPhtBu2,BuCN,0.153,120,0.0,0.096027576
806,CsOAc,tBPh-CPhos,BuCN,0.153,120,8.82,0.321806582
807,CsOAc,PCy3 HBF4,BuCN,0.153,120,1.89,0.085000861
808,CsOAc,PPh3,BuCN,0.153,120,19.64,0.079269232
809,CsOAc,X-Phos,BuCN,0.153,120,77.01,0.087907086
810,CsOPiv,BrettPhos,BuCN,0.153,120,53.81,0.239872808
811,CsOPiv,PPhtBu2,BuCN,0.153,120,0.0,0.136900842
812,CsOPiv,tBPh-CPhos,BuCN,0.153,120,7.54,0.36267002
813,CsOPiv,PCy3 HBF4,BuCN,0.153,120,3.33,0.125885183
814,CsOPiv,PPh3,BuCN,0.153,120,6.1,0.120038536
815,CsOPiv,X-Phos,BuCN,0.153,120,78.44,0.12879133199999998
816,KOAc,BrettPhos,BuOAc,0.153,120,18.26,0.149057469
817,KOAc,PPhtBu2,BuOAc,0.153,120,0.0,0.046395962
818,KOAc,tBPh-CPhos,BuOAc,0.153,120,0.0,0.272107247
819,KOAc,PCy3 HBF4,BuOAc,0.153,120,0.0,0.035354735
820,KOAc,PPh3,BuOAc,0.153,120,4.86,0.029514154
821,KOAc,X-Phos,BuOAc,0.153,120,76.24,0.038112992000000005
822,KOPiv,BrettPhos,BuOAc,0.153,120,36.18,0.148063961
823,KOPiv,PPhtBu2,BuOAc,0.153,120,0.0,0.045301662
824,KOPiv,tBPh-CPhos,BuOAc,0.153,120,14.01,0.271091747
825,KOPiv,PCy3 HBF4,BuOAc,0.153,120,0.0,0.034260435
826,KOPiv,PPh3,BuOAc,0.153,120,4.33,0.028416873
827,KOPiv,X-Phos,BuOAc,0.153,120,48.91,0.036864972
828,CsOAc,BrettPhos,BuOAc,0.153,120,20.6,0.194571076
829,CsOAc,PPhtBu2,BuOAc,0.153,120,0.0,0.091896408
830,CsOAc,tBPh-CPhos,BuOAc,0.153,120,0.0,0.317607693
831,CsOAc,PCy3 HBF4,BuOAc,0.153,120,0.0,0.080855181
832,CsOAc,PPh3,BuOAc,0.153,120,14.26,0.075067471
833,CsOAc,X-Phos,BuOAc,0.153,120,6.23,0.083219662
834,CsOPiv,BrettPhos,BuOAc,0.153,120,25.67,0.235472859
835,CsOPiv,PPhtBu2,BuOAc,0.153,120,0.0,0.132769674
836,CsOPiv,tBPh-CPhos,BuOAc,0.153,120,0.0,0.358480959
837,CsOPiv,PCy3 HBF4,BuOAc,0.153,120,0.0,0.121728447
838,CsOPiv,PPh3,BuOAc,0.153,120,2.81,0.115876336
839,CsOPiv,X-Phos,BuOAc,0.153,120,59.05,0.124390018
840,KOAc,BrettPhos,p-Xylene,0.153,120,18.89,0.142751244
841,KOAc,PPhtBu2,p-Xylene,0.153,120,0.0,0.040123498
842,KOAc,tBPh-CPhos,p-Xylene,0.153,120,8.61,0.265866207
843,KOAc,PCy3 HBF4,p-Xylene,0.153,120,0.0,0.029082271
844,KOAc,PPh3,p-Xylene,0.153,120,5.22,0.023233406
845,KOAc,X-Phos,p-Xylene,0.153,120,61.67,0.031636791000000004
846,KOPiv,BrettPhos,p-Xylene,0.153,120,49.57,0.141768918
847,KOPiv,PPhtBu2,p-Xylene,0.153,120,0.0,0.039029198
848,KOPiv,tBPh-CPhos,p-Xylene,0.153,120,29.39,0.264847749
849,KOPiv,PCy3 HBF4,p-Xylene,0.153,120,0.0,0.027987971
850,KOPiv,PPh3,p-Xylene,0.153,120,7.54,0.022147574
851,KOPiv,X-Phos,p-Xylene,0.153,120,62.15,0.030544243
852,CsOAc,BrettPhos,p-Xylene,0.153,120,43.9,0.18834297
853,CsOAc,PPhtBu2,p-Xylene,0.153,120,0.0,0.08562394400000001
854,CsOAc,tBPh-CPhos,p-Xylene,0.153,120,22.08,0.311415815
855,CsOAc,PCy3 HBF4,p-Xylene,0.153,120,1.12,0.074586805
856,CsOAc,PPh3,p-Xylene,0.153,120,11.83,0.068757977
857,CsOAc,X-Phos,p-Xylene,0.153,120,70.8,0.077170559
858,CsOPiv,BrettPhos,p-Xylene,0.153,120,26.29,0.229151964
859,CsOPiv,PPhtBu2,p-Xylene,0.153,120,0.0,0.12649721
860,CsOPiv,tBPh-CPhos,p-Xylene,0.153,120,29.96,0.352317841
861,CsOPiv,PCy3 HBF4,p-Xylene,0.153,120,0.83,0.115459012
862,CsOPiv,PPh3,p-Xylene,0.153,120,4.26,0.109603615
863,CsOPiv,X-Phos,p-Xylene,0.153,120,68.31,0.118034737
864,KOAc,P(fur)3,DMAc,0.1,90,9.59,0.038619719
865,KOAc,PPh2Me,DMAc,0.1,90,1.06,0.027353522
866,KOAc,GorlosPhos HBF4,DMAc,0.1,90,4.85,0.038419467
867,KOAc,JackiePhos,DMAc,0.1,90,45.87,0.356143668
868,KOAc,CgMe-PPh,DMAc,0.1,90,13.19,0.05780169900000001
869,KOAc,PPhMe2,DMAc,0.1,90,0.0,0.028606294
870,KOPiv,P(fur)3,DMAc,0.1,90,26.29,0.037573562000000005
871,KOPiv,PPh2Me,DMAc,0.1,90,0.0,0.026256166
872,KOPiv,GorlosPhos HBF4,DMAc,0.1,90,10.34,0.037340994
873,KOPiv,JackiePhos,DMAc,0.1,90,3.51,0.354927254
874,KOPiv,CgMe-PPh,DMAc,0.1,90,55.7,0.056829946
875,KOPiv,PPhMe2,DMAc,0.1,90,0.0,0.027511995
876,CsOAc,P(fur)3,DMAc,0.1,90,17.98,0.08414435199999999
877,CsOAc,PPh2Me,DMAc,0.1,90,0.0,0.072850912
878,CsOAc,GorlosPhos HBF4,DMAc,0.1,90,6.93,0.083925909
879,CsOAc,JackiePhos,DMAc,0.1,90,16.92,0.401560658
880,CsOAc,CgMe-PPh,DMAc,0.1,90,39.55,0.103378136
881,CsOAc,PPhMe2,DMAc,0.1,90,0.0,0.07410674099999999
882,CsOPiv,P(fur)3,DMAc,0.1,90,21.46,0.12502765
883,CsOPiv,PPh2Me,DMAc,0.1,90,0.0,0.113724178
884,CsOPiv,GorlosPhos HBF4,DMAc,0.1,90,13.78,0.124818922
885,CsOPiv,JackiePhos,DMAc,0.1,90,1.26,0.44238878
886,CsOPiv,CgMe-PPh,DMAc,0.1,90,75.28,0.14435440300000002
887,CsOPiv,PPhMe2,DMAc,0.1,90,0.0,0.114980007
888,KOAc,P(fur)3,BuCN,0.1,90,2.55,0.05643395
889,KOAc,PPh2Me,BuCN,0.1,90,0.0,0.045172764
890,KOAc,GorlosPhos HBF4,BuCN,0.1,90,3.89,0.056257651
891,KOAc,JackiePhos,BuCN,0.1,90,19.97,0.373987066
892,KOAc,CgMe-PPh,BuCN,0.1,90,16.04,0.075709131
893,KOAc,PPhMe2,BuCN,0.1,90,0.0,0.046428592000000005
894,KOPiv,P(fur)3,BuCN,0.1,90,26.88,0.055526461
895,KOPiv,PPh2Me,BuCN,0.1,90,0.0,0.044078464000000005
896,KOPiv,GorlosPhos HBF4,BuCN,0.1,90,0.0,0.055133483
897,KOPiv,JackiePhos,BuCN,0.1,90,0.0,0.372739433
898,KOPiv,CgMe-PPh,BuCN,0.1,90,57.18,0.074930712
899,KOPiv,PPhMe2,BuCN,0.1,90,0.0,0.045334292000000005
900,CsOAc,P(fur)3,BuCN,0.1,90,26.28,0.1021166
901,CsOAc,PPh2Me,BuCN,0.1,90,0.0,0.09067321
902,CsOAc,GorlosPhos HBF4,BuCN,0.1,90,18.59,0.101870967
903,CsOAc,JackiePhos,BuCN,0.1,90,32.14,0.419580956
904,CsOAc,CgMe-PPh,BuCN,0.1,90,57.95,0.12153137
905,CsOAc,PPhMe2,BuCN,0.1,90,0.0,0.091929038
906,CsOPiv,P(fur)3,BuCN,0.1,90,31.38,0.143029025
907,CsOPiv,PPh2Me,BuCN,0.1,90,0.0,0.131546476
908,CsOPiv,GorlosPhos HBF4,BuCN,0.1,90,24.25,0.142787691
909,CsOPiv,JackiePhos,BuCN,0.1,90,13.01,0.460307338
910,CsOPiv,CgMe-PPh,BuCN,0.1,90,37.4,0.162246849
911,CsOPiv,PPhMe2,BuCN,0.1,90,0.0,0.132802304
912,KOAc,P(fur)3,BuOAc,0.1,90,5.5,0.050339628
913,KOAc,PPh2Me,BuOAc,0.1,90,0.0,0.039067086
914,KOAc,GorlosPhos HBF4,BuOAc,0.1,90,0.79,0.050126549000000006
915,KOAc,JackiePhos,BuOAc,0.1,90,4.43,0.367752972
916,KOAc,CgMe-PPh,BuOAc,0.1,90,14.83,0.069563708
917,KOAc,PPhMe2,BuOAc,0.1,90,0.0,0.040322914
918,KOPiv,P(fur)3,BuOAc,0.1,90,25.0,0.049355008
919,KOPiv,PPh2Me,BuOAc,0.1,90,0.0,0.037972786
920,KOPiv,GorlosPhos HBF4,BuOAc,0.1,90,8.16,0.049073702
921,KOPiv,JackiePhos,BuOAc,0.1,90,0.0,0.366633755
922,KOPiv,CgMe-PPh,BuOAc,0.1,90,21.51,0.06850698
923,KOPiv,PPhMe2,BuOAc,0.1,90,0.0,0.039228614
924,CsOAc,P(fur)3,BuOAc,0.1,90,16.28,0.095900707
925,CsOAc,PPh2Me,BuOAc,0.1,90,0.0,0.08456753199999999
926,CsOAc,GorlosPhos HBF4,BuOAc,0.1,90,2.67,0.095637569
927,CsOAc,JackiePhos,BuOAc,0.1,90,2.69,0.413243632
928,CsOAc,CgMe-PPh,BuOAc,0.1,90,24.59,0.11511905
929,CsOAc,PPhMe2,BuOAc,0.1,90,0.0,0.08582336
930,CsOPiv,P(fur)3,BuOAc,0.1,90,14.58,0.136764412
931,CsOPiv,PPh2Me,BuOAc,0.1,90,0.0,0.12544079800000002
932,CsOPiv,GorlosPhos HBF4,BuOAc,0.1,90,8.88,0.136545764
933,CsOPiv,JackiePhos,BuOAc,0.1,90,2.21,0.454114198
934,CsOPiv,CgMe-PPh,BuOAc,0.1,90,17.93,0.155954856
935,CsOPiv,PPhMe2,BuOAc,0.1,90,0.0,0.126696626
936,KOAc,P(fur)3,p-Xylene,0.1,90,3.63,0.040931831
937,KOAc,PPh2Me,p-Xylene,0.1,90,0.0,0.029676975
938,KOAc,GorlosPhos HBF4,p-Xylene,0.1,90,0.7,0.040734549
939,KOAc,JackiePhos,p-Xylene,0.1,90,4.95,0.35835601100000003
940,KOAc,CgMe-PPh,p-Xylene,0.1,90,11.95,0.060133799
941,KOAc,PPhMe2,p-Xylene,0.1,90,0.0,0.030932803
942,KOPiv,P(fur)3,p-Xylene,0.1,90,20.46,0.039898956
943,KOPiv,PPh2Me,p-Xylene,0.1,90,0.0,0.028582675
944,KOPiv,GorlosPhos HBF4,p-Xylene,0.1,90,4.73,0.039654958
945,KOPiv,JackiePhos,p-Xylene,0.1,90,8.98,0.357276419
946,KOPiv,CgMe-PPh,p-Xylene,0.1,90,18.9,0.059064865
947,KOPiv,PPhMe2,p-Xylene,0.1,90,0.0,0.029838504
948,CsOAc,P(fur)3,p-Xylene,0.1,90,20.22,0.086492826
949,CsOAc,PPh2Me,p-Xylene,0.1,90,0.0,0.075177421
950,CsOAc,GorlosPhos HBF4,p-Xylene,0.1,90,3.17,0.08624401
951,CsOAc,JackiePhos,p-Xylene,0.1,90,5.5,0.403858464
952,CsOAc,CgMe-PPh,p-Xylene,0.1,90,23.05,0.105674757
953,CsOAc,PPhMe2,p-Xylene,0.1,90,0.0,0.07643325
954,CsOPiv,P(fur)3,p-Xylene,0.1,90,9.6,0.127327332
955,CsOPiv,PPh2Me,p-Xylene,0.1,90,0.0,0.116050687
956,CsOPiv,GorlosPhos HBF4,p-Xylene,0.1,90,2.99,0.127116619
957,CsOPiv,JackiePhos,p-Xylene,0.1,90,7.8,0.444740125
958,CsOPiv,CgMe-PPh,p-Xylene,0.1,90,8.21,0.146493861
959,CsOPiv,PPhMe2,p-Xylene,0.1,90,0.0,0.117306516
960,KOAc,P(fur)3,DMAc,0.1,105,41.9,0.038712862
961,KOAc,PPh2Me,DMAc,0.1,105,8.23,0.027374191000000003
962,KOAc,GorlosPhos HBF4,DMAc,0.1,105,13.11,0.038443279
963,KOAc,JackiePhos,DMAc,0.1,105,75.22,0.35622827799999995
964,KOAc,CgMe-PPh,DMAc,0.1,105,80.38,0.057995393
965,KOAc,PPhMe2,DMAc,0.1,105,0.0,0.028606294
966,KOPiv,P(fur)3,DMAc,0.1,105,73.59,0.037709917
967,KOPiv,PPh2Me,DMAc,0.1,105,8.85,0.026281679
968,KOPiv,GorlosPhos HBF4,DMAc,0.1,105,38.15,0.037421164
969,KOPiv,JackiePhos,DMAc,0.1,105,50.54,0.355062831
970,KOPiv,CgMe-PPh,DMAc,0.1,105,89.76,0.05692813400000001
971,KOPiv,PPhMe2,DMAc,0.1,105,0.0,0.027511995
972,CsOAc,P(fur)3,DMAc,0.1,105,45.21,0.08422285
973,CsOAc,PPh2Me,DMAc,0.1,105,9.55,0.072878443
974,CsOAc,GorlosPhos HBF4,DMAc,0.1,105,19.97,0.083963501
975,CsOAc,JackiePhos,DMAc,0.1,105,41.0,0.401630076
976,CsOAc,CgMe-PPh,DMAc,0.1,105,83.25,0.103504113
977,CsOAc,PPhMe2,DMAc,0.1,105,0.0,0.07410674099999999
978,CsOPiv,P(fur)3,DMAc,0.1,105,49.4,0.125108195
979,CsOPiv,PPh2Me,DMAc,0.1,105,4.3,0.113736574
980,CsOPiv,GorlosPhos HBF4,DMAc,0.1,105,40.43,0.124895748
981,CsOPiv,JackiePhos,DMAc,0.1,105,0.0,0.442385148
982,CsOPiv,CgMe-PPh,DMAc,0.1,105,91.11,0.144400038
983,CsOPiv,PPhMe2,DMAc,0.1,105,0.0,0.114980007
984,KOAc,P(fur)3,BuCN,0.1,105,9.1,0.056484243
985,KOAc,PPh2Me,BuCN,0.1,105,0.0,0.045172764
986,KOAc,GorlosPhos HBF4,BuCN,0.1,105,14.36,0.05633804200000001
987,KOAc,JackiePhos,BuCN,0.1,105,19.82,0.373985915
988,KOAc,CgMe-PPh,BuCN,0.1,105,54.67,0.07600574
989,KOAc,PPhMe2,BuCN,0.1,105,0.0,0.046428592000000005
990,KOPiv,P(fur)3,BuCN,0.1,105,46.99,0.055680869
991,KOPiv,PPh2Me,BuCN,0.1,105,0.0,0.044078464000000005
992,KOPiv,GorlosPhos HBF4,BuCN,0.1,105,43.52,0.055467638
993,KOPiv,JackiePhos,BuCN,0.1,105,16.82,0.37286858
994,KOPiv,CgMe-PPh,BuCN,0.1,105,76.68,0.075080437
995,KOPiv,PPhMe2,BuCN,0.1,105,0.0,0.045334292000000005
996,CsOAc,P(fur)3,BuCN,0.1,105,16.19,0.102039127
997,CsOAc,PPh2Me,BuCN,0.1,105,0.0,0.09067321
998,CsOAc,GorlosPhos HBF4,BuCN,0.1,105,33.34,0.10198422
999,CsOAc,JackiePhos,BuCN,0.1,105,26.69,0.41953911
1000,CsOAc,CgMe-PPh,BuCN,0.1,105,82.33,0.121718564
1001,CsOAc,PPhMe2,BuCN,0.1,105,0.0,0.091929038
1002,CsOPiv,P(fur)3,BuCN,0.1,105,25.08,0.142980652
1003,CsOPiv,PPh2Me,BuCN,0.1,105,0.0,0.131546476
1004,CsOPiv,GorlosPhos HBF4,BuCN,0.1,105,39.42,0.142904169
1005,CsOPiv,JackiePhos,BuCN,0.1,105,11.95,0.4602992
1006,CsOPiv,CgMe-PPh,BuCN,0.1,105,65.69,0.162464065
1007,CsOPiv,PPhMe2,BuCN,0.1,105,0.0,0.132802304
1008,KOAc,P(fur)3,BuOAc,0.1,105,9.87,0.050364208
1009,KOAc,PPh2Me,BuOAc,0.1,105,0.0,0.039067086
1010,KOAc,GorlosPhos HBF4,BuOAc,0.1,105,2.85,0.050138135
1011,KOAc,JackiePhos,BuOAc,0.1,105,7.74,0.367771589
1012,KOAc,CgMe-PPh,BuOAc,0.1,105,41.35,0.069712871
1013,KOAc,PPhMe2,BuOAc,0.1,105,0.0,0.040322914
1014,KOPiv,P(fur)3,BuOAc,0.1,105,18.21,0.049316817
1015,KOPiv,PPh2Me,BuOAc,0.1,105,0.0,0.037972786
1016,KOPiv,GorlosPhos HBF4,BuOAc,0.1,105,20.21,0.049141478
1017,KOPiv,JackiePhos,BuOAc,0.1,105,5.98,0.36666739
1018,KOPiv,CgMe-PPh,BuOAc,0.1,105,36.23,0.068589774
1019,KOPiv,PPhMe2,BuOAc,0.1,105,0.0,0.039228614
1020,CsOAc,P(fur)3,BuOAc,0.1,105,15.72,0.095897558
1021,CsOAc,PPh2Me,BuOAc,0.1,105,0.0,0.08456753199999999
1022,CsOAc,GorlosPhos HBF4,BuOAc,0.1,105,8.11,0.095668167
1023,CsOAc,JackiePhos,BuOAc,0.1,105,3.08,0.413245825
1024,CsOAc,CgMe-PPh,BuOAc,0.1,105,45.01,0.115233903
1025,CsOAc,PPhMe2,BuOAc,0.1,105,0.0,0.08582336
1026,CsOPiv,P(fur)3,BuOAc,0.1,105,14.51,0.136764018
1027,CsOPiv,PPh2Me,BuOAc,0.1,105,0.0,0.12544079800000002
1028,CsOPiv,GorlosPhos HBF4,BuOAc,0.1,105,20.63,0.136611852
1029,CsOPiv,JackiePhos,BuOAc,0.1,105,2.41,0.454115323
1030,CsOPiv,CgMe-PPh,BuOAc,0.1,105,24.0,0.155988997
1031,CsOPiv,PPhMe2,BuOAc,0.1,105,0.0,0.126696626
1032,KOAc,P(fur)3,p-Xylene,0.1,105,8.45,0.040949423
1033,KOAc,PPh2Me,p-Xylene,0.1,105,0.0,0.029676975
1034,KOAc,GorlosPhos HBF4,p-Xylene,0.1,105,0.83,0.040735024
1035,KOAc,JackiePhos,p-Xylene,0.1,105,5.36,0.358357507
1036,KOAc,CgMe-PPh,p-Xylene,0.1,105,35.6,0.060220115
1037,KOAc,PPhMe2,p-Xylene,0.1,105,0.0,0.030932803
1038,KOPiv,P(fur)3,p-Xylene,0.1,105,19.32,0.039894796
1039,KOPiv,PPh2Me,p-Xylene,0.1,105,0.0,0.028582675
1040,KOPiv,GorlosPhos HBF4,p-Xylene,0.1,105,10.98,0.039677769
1041,KOPiv,JackiePhos,p-Xylene,0.1,105,9.9,0.357279777
1042,KOPiv,CgMe-PPh,p-Xylene,0.1,105,32.37,0.059114027
1043,KOPiv,PPhMe2,p-Xylene,0.1,105,0.0,0.029838504
1044,CsOAc,P(fur)3,p-Xylene,0.1,105,30.29,0.08652957900000001
1045,CsOAc,PPh2Me,p-Xylene,0.1,105,0.0,0.075177421
1046,CsOAc,GorlosPhos HBF4,p-Xylene,0.1,105,14.97,0.08628707699999999
1047,CsOAc,JackiePhos,p-Xylene,0.1,105,7.15,0.403864486
1048,CsOAc,CgMe-PPh,p-Xylene,0.1,105,68.35,0.105840091
1049,CsOAc,PPhMe2,p-Xylene,0.1,105,0.0,0.07643325
1050,CsOPiv,P(fur)3,p-Xylene,0.1,105,10.05,0.127328974
1051,CsOPiv,PPh2Me,p-Xylene,0.1,105,0.0,0.116050687
1052,CsOPiv,GorlosPhos HBF4,p-Xylene,0.1,105,9.89,0.127141803
1053,CsOPiv,JackiePhos,p-Xylene,0.1,105,8.06,0.444741073
1054,CsOPiv,CgMe-PPh,p-Xylene,0.1,105,16.46,0.146523971
1055,CsOPiv,PPhMe2,p-Xylene,0.1,105,0.0,0.117306516
1056,KOAc,P(fur)3,DMAc,0.1,120,60.48,0.038766424
1057,KOAc,PPh2Me,DMAc,0.1,120,10.51,0.027380764
1058,KOAc,GorlosPhos HBF4,DMAc,0.1,120,15.42,0.038449938
1059,KOAc,JackiePhos,DMAc,0.1,120,75.12,0.35622799
1060,KOAc,CgMe-PPh,DMAc,0.1,120,83.22,0.05800358
1061,KOAc,PPhMe2,DMAc,0.1,120,3.59,0.028616644
1062,KOPiv,P(fur)3,DMAc,0.1,120,76.02,0.037716922
1063,KOPiv,PPh2Me,DMAc,0.1,120,30.15,0.026343082
1064,KOPiv,GorlosPhos HBF4,DMAc,0.1,120,49.17,0.037452932
1065,KOPiv,JackiePhos,DMAc,0.1,120,70.26,0.35511968
1066,KOPiv,CgMe-PPh,DMAc,0.1,120,87.59,0.056921878
1067,KOPiv,PPhMe2,DMAc,0.1,120,3.35,0.027521652
1068,CsOAc,P(fur)3,DMAc,0.1,120,29.06,0.08417629300000001
1069,CsOAc,PPh2Me,DMAc,0.1,120,4.61,0.072864202
1070,CsOAc,GorlosPhos HBF4,DMAc,0.1,120,26.78,0.08398313199999999
1071,CsOAc,JackiePhos,DMAc,0.1,120,67.63,0.401706844
1072,CsOAc,CgMe-PPh,DMAc,0.1,120,81.63,0.103499443
1073,CsOAc,PPhMe2,DMAc,0.1,120,19.02,0.074161571
1074,CsOPiv,P(fur)3,DMAc,0.1,120,62.32,0.12514544
1075,CsOPiv,PPh2Me,DMAc,0.1,120,3.7,0.113734844
1076,CsOPiv,GorlosPhos HBF4,DMAc,0.1,120,45.17,0.124909413
1077,CsOPiv,JackiePhos,DMAc,0.1,120,13.46,0.44242395
1078,CsOPiv,CgMe-PPh,DMAc,0.1,120,83.85,0.144379109
1079,CsOPiv,PPhMe2,DMAc,0.1,120,0.0,0.114980007
1080,KOAc,P(fur)3,BuCN,0.1,120,13.89,0.056521021
1081,KOAc,PPh2Me,BuCN,0.1,120,0.0,0.045172764
1082,KOAc,GorlosPhos HBF4,BuCN,0.1,120,22.06,0.056397164000000014
1083,KOAc,JackiePhos,BuCN,0.1,120,20.08,0.373987911
1084,KOAc,CgMe-PPh,BuCN,0.1,120,67.57,0.07610478799999999
1085,KOAc,PPhMe2,BuCN,0.1,120,0.0,0.046428592000000005
1086,KOPiv,P(fur)3,BuCN,0.1,120,40.02,0.055627352000000005
1087,KOPiv,PPh2Me,BuCN,0.1,120,0.0,0.044078464000000005
1088,KOPiv,GorlosPhos HBF4,BuCN,0.1,120,56.45,0.055566917
1089,KOPiv,JackiePhos,BuCN,0.1,120,16.47,0.372865893
1090,KOPiv,CgMe-PPh,BuCN,0.1,120,70.51,0.075033062
1091,KOPiv,PPhMe2,BuCN,0.1,120,0.0,0.045334292000000005
1092,CsOAc,P(fur)3,BuCN,0.1,120,13.75,0.102020392
1093,CsOAc,PPh2Me,BuCN,0.1,120,0.0,0.09067321
1094,CsOAc,GorlosPhos HBF4,BuCN,0.1,120,40.61,0.10204004
1095,CsOAc,JackiePhos,BuCN,0.1,120,23.5,0.419514617
1096,CsOAc,CgMe-PPh,BuCN,0.1,120,88.82,0.121768396
1097,CsOAc,PPhMe2,BuCN,0.1,120,0.0,0.091929038
1098,CsOPiv,P(fur)3,BuCN,0.1,120,37.73,0.143077781
1099,CsOPiv,PPh2Me,BuCN,0.1,120,0.0,0.131546476
1100,CsOPiv,GorlosPhos HBF4,BuCN,0.1,120,48.15,0.14297120000000002
1101,CsOPiv,JackiePhos,BuCN,0.1,120,12.12,0.460300505
1102,CsOPiv,CgMe-PPh,BuCN,0.1,120,71.57,0.162509213
1103,CsOPiv,PPhMe2,BuCN,0.1,120,0.0,0.132802304
1104,KOAc,P(fur)3,BuOAc,0.1,120,21.34,0.050428722
1105,KOAc,PPh2Me,BuOAc,0.1,120,0.0,0.039067086
1106,KOAc,GorlosPhos HBF4,BuOAc,0.1,120,11.31,0.050185719
1107,KOAc,JackiePhos,BuOAc,0.1,120,7.82,0.367772039
1108,KOAc,CgMe-PPh,BuOAc,0.1,120,51.37,0.069769229
1109,KOAc,PPhMe2,BuOAc,0.1,120,0.0,0.040322914
1110,KOPiv,P(fur)3,BuOAc,0.1,120,21.0,0.049332509
1111,KOPiv,PPh2Me,BuOAc,0.1,120,0.31,0.03797453
1112,KOPiv,GorlosPhos HBF4,BuOAc,0.1,120,35.43,0.049227084
1113,KOPiv,JackiePhos,BuOAc,0.1,120,6.73,0.366671609
1114,KOPiv,CgMe-PPh,BuOAc,0.1,120,42.62,0.068625715
1115,KOPiv,PPhMe2,BuOAc,0.1,120,0.0,0.039228614
1116,CsOAc,P(fur)3,BuOAc,0.1,120,14.73,0.095891989
1117,CsOAc,PPh2Me,BuOAc,0.1,120,0.0,0.08456753199999999
1118,CsOAc,GorlosPhos HBF4,BuOAc,0.1,120,29.75,0.095789882
1119,CsOAc,JackiePhos,BuOAc,0.1,120,4.06,0.4132513370000001
1120,CsOAc,CgMe-PPh,BuOAc,0.1,120,57.84,0.115306066
1121,CsOAc,PPhMe2,BuOAc,0.1,120,0.0,0.08582336
1122,CsOPiv,P(fur)3,BuOAc,0.1,120,15.21,0.136767955
1123,CsOPiv,PPh2Me,BuOAc,0.1,120,0.0,0.12544079800000002
1124,CsOPiv,GorlosPhos HBF4,BuOAc,0.1,120,42.04,0.136732274
1125,CsOPiv,JackiePhos,BuOAc,0.1,120,2.48,0.454115716
1126,CsOPiv,CgMe-PPh,BuOAc,0.1,120,26.74,0.156004408
1127,CsOPiv,PPhMe2,BuOAc,0.1,120,0.0,0.126696626
1128,KOAc,P(fur)3,p-Xylene,0.1,120,9.72,0.040954058
1129,KOAc,PPh2Me,p-Xylene,0.1,120,0.0,0.029676975
1130,KOAc,GorlosPhos HBF4,p-Xylene,0.1,120,7.43,0.040759112
1131,KOAc,JackiePhos,p-Xylene,0.1,120,7.03,0.358363602
1132,KOAc,CgMe-PPh,p-Xylene,0.1,120,46.75,0.06026081
1133,KOAc,PPhMe2,p-Xylene,0.1,120,0.0,0.030932803
1134,KOPiv,P(fur)3,p-Xylene,0.1,120,16.71,0.03988527
1135,KOPiv,PPh2Me,p-Xylene,0.1,120,0.0,0.028582675
1136,KOPiv,GorlosPhos HBF4,p-Xylene,0.1,120,21.25,0.039715252
1137,KOPiv,JackiePhos,p-Xylene,0.1,120,11.69,0.35728631
1138,KOPiv,CgMe-PPh,p-Xylene,0.1,120,40.85,0.059144977
1139,KOPiv,PPhMe2,p-Xylene,0.1,120,0.0,0.029838504
1140,CsOAc,P(fur)3,p-Xylene,0.1,120,19.04,0.08648852
1141,CsOAc,PPh2Me,p-Xylene,0.1,120,0.0,0.075177421
1142,CsOAc,GorlosPhos HBF4,p-Xylene,0.1,120,21.42,0.086310618
1143,CsOAc,JackiePhos,p-Xylene,0.1,120,8.31,0.40386872
1144,CsOAc,CgMe-PPh,p-Xylene,0.1,120,62.73,0.105819579
1145,CsOAc,PPhMe2,p-Xylene,0.1,120,0.0,0.07643325
1146,CsOPiv,P(fur)3,p-Xylene,0.1,120,14.75,0.127346128
1147,CsOPiv,PPh2Me,p-Xylene,0.1,120,0.0,0.116050687
1148,CsOPiv,GorlosPhos HBF4,p-Xylene,0.1,120,9.03,0.127138664
1149,CsOPiv,JackiePhos,p-Xylene,0.1,120,8.89,0.444744103
1150,CsOPiv,CgMe-PPh,p-Xylene,0.1,120,20.03,0.146537001
1151,CsOPiv,PPhMe2,p-Xylene,0.1,120,0.0,0.117306516
1152,KOAc,P(fur)3,DMAc,0.057,90,14.53,0.048761592
1153,KOAc,PPh2Me,DMAc,0.057,90,7.3,0.037499142
1154,KOAc,GorlosPhos HBF4,DMAc,0.057,90,3.06,0.048541938
1155,KOAc,JackiePhos,DMAc,0.057,90,72.24,0.366347319
1156,KOAc,CgMe-PPh,DMAc,0.057,90,30.41,0.067978972
1157,KOAc,PPhMe2,DMAc,0.057,90,0.0,0.038733926
1158,KOPiv,P(fur)3,DMAc,0.057,90,26.56,0.047701972
1159,KOPiv,PPh2Me,DMAc,0.057,90,5.02,0.036398269
1160,KOPiv,GorlosPhos HBF4,DMAc,0.057,90,12.98,0.047476236
1161,KOPiv,JackiePhos,DMAc,0.057,90,7.12,0.365065293
1162,KOPiv,CgMe-PPh,DMAc,0.057,90,62.75,0.066977902
1163,KOPiv,PPhMe2,DMAc,0.057,90,0.0,0.037639626
1164,CsOAc,P(fur)3,DMAc,0.057,90,18.38,0.094273137
1165,CsOAc,PPh2Me,DMAc,0.057,90,7.32,0.082999646
1166,CsOAc,GorlosPhos HBF4,DMAc,0.057,90,5.38,0.094049073
1167,CsOAc,JackiePhos,DMAc,0.057,90,40.47,0.411756179
1168,CsOAc,CgMe-PPh,DMAc,0.057,90,38.8,0.113503605
1169,CsOAc,PPhMe2,DMAc,0.057,90,0.0,0.08423437199999999
1170,CsOPiv,P(fur)3,DMAc,0.057,90,21.65,0.135155829
1171,CsOPiv,PPh2Me,DMAc,0.057,90,3.43,0.123861698
1172,CsOPiv,GorlosPhos HBF4,DMAc,0.057,90,11.07,0.134938742
1173,CsOPiv,JackiePhos,DMAc,0.057,90,2.72,0.45252062
1174,CsOPiv,CgMe-PPh,DMAc,0.057,90,65.32,0.154453322
1175,CsOPiv,PPhMe2,DMAc,0.057,90,0.0,0.12510763800000002
1176,KOAc,P(fur)3,BuCN,0.057,90,2.62,0.079292383
1177,KOAc,PPh2Me,BuCN,0.057,90,0.0,0.068030658
1178,KOAc,GorlosPhos HBF4,BuCN,0.057,90,4.98,0.079123915
1179,KOAc,JackiePhos,BuCN,0.057,90,20.5,0.396849031
1180,KOAc,CgMe-PPh,BuCN,0.057,90,17.45,0.098577852
1181,KOAc,PPhMe2,BuCN,0.057,90,0.0,0.06928648700000001
1182,KOPiv,P(fur)3,BuCN,0.057,90,37.93,0.0784692
1183,KOPiv,PPh2Me,BuCN,0.057,90,0.0,0.066936358
1184,KOPiv,GorlosPhos HBF4,BuCN,0.057,90,28.17,0.07820767299999999
1185,KOPiv,JackiePhos,BuCN,0.057,90,16.57,0.395724556
1186,KOPiv,CgMe-PPh,BuCN,0.057,90,51.32,0.097743613
1187,KOPiv,PPhMe2,BuCN,0.057,90,0.0,0.068192187
1188,CsOAc,P(fur)3,BuCN,0.057,90,12.91,0.124871837
1189,CsOAc,PPh2Me,BuCN,0.057,90,0.0,0.113531104
1190,CsOAc,GorlosPhos HBF4,BuCN,0.057,90,21.15,0.124748518
1191,CsOAc,JackiePhos,BuCN,0.057,90,23.51,0.442372588
1192,CsOAc,CgMe-PPh,BuCN,0.057,90,57.85,0.144388497
1193,CsOAc,PPhMe2,BuCN,0.057,90,0.0,0.114786933
1194,CsOPiv,P(fur)3,BuCN,0.057,90,26.3,0.165847914
1195,CsOPiv,PPh2Me,BuCN,0.057,90,0.0,0.15440437
1196,CsOPiv,GorlosPhos HBF4,BuCN,0.057,90,29.23,0.165683823
1197,CsOPiv,JackiePhos,BuCN,0.057,90,11.65,0.483154791
1198,CsOPiv,CgMe-PPh,BuCN,0.057,90,43.22,0.185149431
1199,CsOPiv,PPhMe2,BuCN,0.057,90,0.0,0.155660199
1200,KOAc,P(fur)3,BuOAc,0.057,90,3.78,0.068887849
1201,KOAc,PPh2Me,BuOAc,0.057,90,0.0,0.05762498
1202,KOAc,GorlosPhos HBF4,BuOAc,0.057,90,3.14,0.068697661
1203,KOAc,JackiePhos,BuOAc,0.057,90,3.77,0.386307155
1204,KOAc,CgMe-PPh,BuOAc,0.057,90,12.61,0.088109116
1205,KOAc,PPhMe2,BuOAc,0.057,90,0.0,0.05888080900000001
1206,KOPiv,P(fur)3,BuOAc,0.057,90,15.73,0.067860763
1207,KOPiv,PPh2Me,BuOAc,0.057,90,0.0,0.056530681
1208,KOPiv,GorlosPhos HBF4,BuOAc,0.057,90,3.04,0.067602799
1209,KOPiv,JackiePhos,BuOAc,0.057,90,3.67,0.385212292
1210,KOPiv,CgMe-PPh,BuOAc,0.057,90,17.63,0.087043051
1211,KOPiv,PPhMe2,BuOAc,0.057,90,0.0,0.057786509000000014
1212,CsOAc,P(fur)3,BuOAc,0.057,90,13.72,0.114444203
1213,CsOAc,PPh2Me,BuOAc,0.057,90,0.0,0.103125427
1214,CsOAc,GorlosPhos HBF4,BuOAc,0.057,90,8.14,0.11422623
1215,CsOAc,JackiePhos,BuOAc,0.057,90,1.79,0.431796464
1216,CsOAc,CgMe-PPh,BuOAc,0.057,90,20.2,0.133652252
1217,CsOAc,PPhMe2,BuOAc,0.057,90,0.0,0.104381255
1218,CsOPiv,P(fur)3,BuOAc,0.057,90,13.13,0.15531415099999998
1219,CsOPiv,PPh2Me,BuOAc,0.057,90,0.0,0.143998693
1220,CsOPiv,GorlosPhos HBF4,BuOAc,0.057,90,11.0,0.155115582
1221,CsOPiv,JackiePhos,BuOAc,0.057,90,0.99,0.472665231
1222,CsOPiv,CgMe-PPh,BuOAc,0.057,90,14.68,0.174494471
1223,CsOPiv,PPhMe2,BuOAc,0.057,90,0.0,0.145254521
1224,KOAc,P(fur)3,p-Xylene,0.057,90,2.65,0.052696675
1225,KOAc,PPh2Me,p-Xylene,0.057,90,0.0,0.041445396
1226,KOAc,GorlosPhos HBF4,p-Xylene,0.057,90,0.0,0.052500415
1227,KOAc,JackiePhos,p-Xylene,0.057,90,3.79,0.370120198
1228,KOAc,CgMe-PPh,p-Xylene,0.057,90,8.45,0.071889446
1229,KOAc,PPhMe2,p-Xylene,0.057,90,0.0,0.042701224
1230,KOPiv,P(fur)3,p-Xylene,0.057,90,15.86,0.051650589
1231,KOPiv,PPh2Me,p-Xylene,0.057,90,0.0,0.040351096
1232,KOPiv,GorlosPhos HBF4,p-Xylene,0.057,90,0.0,0.051406116
1233,KOPiv,JackiePhos,p-Xylene,0.057,90,7.25,0.369038526
1234,KOPiv,CgMe-PPh,p-Xylene,0.057,90,16.15,0.070823249
1235,KOPiv,PPhMe2,p-Xylene,0.057,90,0.0,0.041606925
1236,CsOAc,P(fur)3,p-Xylene,0.057,90,15.92,0.098245554
1237,CsOAc,PPh2Me,p-Xylene,0.057,90,0.0,0.086945842
1238,CsOAc,GorlosPhos HBF4,p-Xylene,0.057,90,1.12,0.098004949
1239,CsOAc,JackiePhos,p-Xylene,0.057,90,5.48,0.415626812
1240,CsOAc,CgMe-PPh,p-Xylene,0.057,90,28.4,0.117462704
1241,CsOAc,PPhMe2,p-Xylene,0.057,90,0.0,0.088201671
1242,CsOPiv,P(fur)3,p-Xylene,0.057,90,7.59,0.139088417
1243,CsOPiv,PPh2Me,p-Xylene,0.057,90,0.0,0.127819108
1244,CsOPiv,GorlosPhos HBF4,p-Xylene,0.057,90,0.76,0.138876901
1245,CsOPiv,JackiePhos,p-Xylene,0.057,90,0.0,0.456480078
1246,CsOPiv,CgMe-PPh,p-Xylene,0.057,90,0.4,0.158233777
1247,CsOPiv,PPhMe2,p-Xylene,0.057,90,0.0,0.129074937
1248,KOAc,P(fur)3,DMAc,0.057,105,39.39,0.048833258
1249,KOAc,PPh2Me,DMAc,0.057,105,14.36,0.037519494
1250,KOAc,GorlosPhos HBF4,DMAc,0.057,105,10.03,0.048562031
1251,KOAc,JackiePhos,DMAc,0.057,105,87.62,0.366391656
1252,KOAc,CgMe-PPh,DMAc,0.057,105,67.21,0.068085059
1253,KOAc,PPhMe2,DMAc,0.057,105,0.0,0.038733926
1254,KOPiv,P(fur)3,DMAc,0.057,105,64.12,0.047810249000000006
1255,KOPiv,PPh2Me,DMAc,0.057,105,22.92,0.036449871
1256,KOPiv,GorlosPhos HBF4,DMAc,0.057,105,27.93,0.047519333
1257,KOPiv,JackiePhos,DMAc,0.057,105,54.07,0.365200639
1258,KOPiv,CgMe-PPh,DMAc,0.057,105,90.39,0.067057582
1259,KOPiv,PPhMe2,DMAc,0.057,105,0.0,0.037639626
1260,CsOAc,P(fur)3,DMAc,0.057,105,44.25,0.094347714
1261,CsOAc,PPh2Me,DMAc,0.057,105,20.41,0.083037381
1262,CsOAc,GorlosPhos HBF4,DMAc,0.057,105,12.61,0.094069915
1263,CsOAc,JackiePhos,DMAc,0.057,105,71.97,0.4118469870000001
1264,CsOAc,CgMe-PPh,DMAc,0.057,105,91.39,0.11365521
1265,CsOAc,PPhMe2,DMAc,0.057,105,0.0,0.08423437199999999
1266,CsOPiv,P(fur)3,DMAc,0.057,105,46.33,0.135226976
1267,CsOPiv,PPh2Me,DMAc,0.057,105,14.24,0.12389286
1268,CsOPiv,GorlosPhos HBF4,DMAc,0.057,105,24.03,0.134976102
1269,CsOPiv,JackiePhos,DMAc,0.057,105,9.52,0.452540223
1270,CsOPiv,CgMe-PPh,DMAc,0.057,105,91.06,0.154527525
1271,CsOPiv,PPhMe2,DMAc,0.057,105,0.0,0.12510763800000002
1272,KOAc,P(fur)3,BuCN,0.057,105,8.17,0.079334997
1273,KOAc,PPh2Me,BuCN,0.057,105,0.0,0.068030658
1274,KOAc,GorlosPhos HBF4,BuCN,0.057,105,13.79,0.07919156
1275,KOAc,JackiePhos,BuCN,0.057,105,24.09,0.396876595
1276,KOAc,CgMe-PPh,BuCN,0.057,105,36.66,0.09872535
1277,KOAc,PPhMe2,BuCN,0.057,105,0.0,0.06928648700000001
1278,KOPiv,P(fur)3,BuCN,0.057,105,43.79,0.07851419400000001
1279,KOPiv,PPh2Me,BuCN,0.057,105,1.52,0.066948029
1280,KOPiv,GorlosPhos HBF4,BuCN,0.057,105,49.19,0.078369068
1281,KOPiv,JackiePhos,BuCN,0.057,105,15.64,0.395717415
1282,KOPiv,CgMe-PPh,BuCN,0.057,105,76.85,0.097939637
1283,KOPiv,PPhMe2,BuCN,0.057,105,0.0,0.068192187
1284,CsOAc,P(fur)3,BuCN,0.057,105,20.05,0.12492666
1285,CsOAc,PPh2Me,BuCN,0.057,105,0.04,0.113531412
1286,CsOAc,GorlosPhos HBF4,BuCN,0.057,105,36.9,0.124869449
1287,CsOAc,JackiePhos,BuCN,0.057,105,23.83,0.442375045
1288,CsOAc,CgMe-PPh,BuCN,0.057,105,67.85,0.144465279
1289,CsOAc,PPhMe2,BuCN,0.057,105,0.0,0.114786933
1290,CsOPiv,P(fur)3,BuCN,0.057,105,34.47,0.165910645
1291,CsOPiv,PPh2Me,BuCN,0.057,105,0.53,0.15440844
1292,CsOPiv,GorlosPhos HBF4,BuCN,0.057,105,46.17,0.165813892
1293,CsOPiv,JackiePhos,BuCN,0.057,105,10.68,0.483147343
1294,CsOPiv,CgMe-PPh,BuCN,0.057,105,11.18,0.184903422
1295,CsOPiv,PPhMe2,BuCN,0.057,105,0.0,0.155660199
1296,KOAc,P(fur)3,BuOAc,0.057,105,8.43,0.068914003
1297,KOAc,PPh2Me,BuOAc,0.057,105,0.0,0.05762498
1298,KOAc,GorlosPhos HBF4,BuOAc,0.057,105,2.21,0.06869243
1299,KOAc,JackiePhos,BuOAc,0.057,105,5.59,0.386317391
1300,KOAc,CgMe-PPh,BuOAc,0.057,105,35.64,0.08823865
1301,KOAc,PPhMe2,BuOAc,0.057,105,0.0,0.05888080900000001
1302,KOPiv,P(fur)3,BuOAc,0.057,105,16.31,0.067864025
1303,KOPiv,PPh2Me,BuOAc,0.057,105,0.0,0.056530681
1304,KOPiv,GorlosPhos HBF4,BuOAc,0.057,105,10.68,0.067645771
1305,KOPiv,JackiePhos,BuOAc,0.057,105,4.15,0.385214992
1306,KOPiv,CgMe-PPh,BuOAc,0.057,105,30.75,0.087116846
1307,KOPiv,PPhMe2,BuOAc,0.057,105,0.0,0.057786509000000014
1308,CsOAc,P(fur)3,BuOAc,0.057,105,14.5,0.11444859
1309,CsOAc,PPh2Me,BuOAc,0.057,105,0.0,0.103125427
1310,CsOAc,GorlosPhos HBF4,BuOAc,0.057,105,22.02,0.114304299
1311,CsOAc,JackiePhos,BuOAc,0.057,105,3.37,0.431805351
1312,CsOAc,CgMe-PPh,BuOAc,0.057,105,38.53,0.133755351
1313,CsOAc,PPhMe2,BuOAc,0.057,105,0.0,0.104381255
1314,CsOPiv,P(fur)3,BuOAc,0.057,105,14.84,0.155323769
1315,CsOPiv,PPh2Me,BuOAc,0.057,105,0.0,0.143998693
1316,CsOPiv,GorlosPhos HBF4,BuOAc,0.057,105,33.41,0.155241629
1317,CsOPiv,JackiePhos,BuOAc,0.057,105,1.3,0.472666974
1318,CsOPiv,CgMe-PPh,BuOAc,0.057,105,19.84,0.17452349399999995
1319,CsOPiv,PPhMe2,BuOAc,0.057,105,0.0,0.145254521
1320,KOAc,P(fur)3,p-Xylene,0.057,105,4.99,0.052705216
1321,KOAc,PPh2Me,p-Xylene,0.057,105,0.0,0.041445396
1322,KOAc,GorlosPhos HBF4,p-Xylene,0.057,105,1.47,0.05250578
1323,KOAc,JackiePhos,p-Xylene,0.057,105,5.45,0.370126256
1324,KOAc,CgMe-PPh,p-Xylene,0.057,105,25.69,0.071952367
1325,KOAc,PPhMe2,p-Xylene,0.057,105,0.0,0.042701224
1326,KOPiv,P(fur)3,p-Xylene,0.057,105,14.68,0.051646282
1327,KOPiv,PPh2Me,p-Xylene,0.057,105,0.0,0.040351096
1328,KOPiv,GorlosPhos HBF4,p-Xylene,0.057,105,24.06,0.051493928
1329,KOPiv,JackiePhos,p-Xylene,0.057,105,8.93,0.369044658
1330,KOPiv,CgMe-PPh,p-Xylene,0.057,105,17.0,0.070826351
1331,KOPiv,PPhMe2,p-Xylene,0.057,105,0.0,0.041606925
1332,CsOAc,P(fur)3,p-Xylene,0.057,105,16.85,0.098248948
1333,CsOAc,PPh2Me,p-Xylene,0.057,105,0.0,0.086945842
1334,CsOAc,GorlosPhos HBF4,p-Xylene,0.057,105,0.0,0.098000862
1335,CsOAc,JackiePhos,p-Xylene,0.057,105,6.15,0.415629258
1336,CsOAc,CgMe-PPh,p-Xylene,0.057,105,41.1,0.117509056
1337,CsOAc,PPhMe2,p-Xylene,0.057,105,0.0,0.088201671
1338,CsOPiv,P(fur)3,p-Xylene,0.057,105,7.12,0.13908670199999998
1339,CsOPiv,PPh2Me,p-Xylene,0.057,105,0.0,0.127819108
1340,CsOPiv,GorlosPhos HBF4,p-Xylene,0.057,105,12.53,0.138919859
1341,CsOPiv,JackiePhos,p-Xylene,0.057,105,6.96,0.45650548
1342,CsOPiv,CgMe-PPh,p-Xylene,0.057,105,11.91,0.158275786
1343,CsOPiv,PPhMe2,p-Xylene,0.057,105,0.0,0.129074937
1344,KOAc,P(fur)3,DMAc,0.057,120,62.04,0.048898553
1345,KOAc,PPh2Me,DMAc,0.057,120,12.01,0.03751272
1346,KOAc,GorlosPhos HBF4,DMAc,0.057,120,13.87,0.048573101
1347,KOAc,JackiePhos,DMAc,0.057,120,89.14,0.366396038
1348,KOAc,CgMe-PPh,DMAc,0.057,120,96.64,0.068169899
1349,KOAc,PPhMe2,DMAc,0.057,120,3.33,0.038743526
1350,KOPiv,P(fur)3,DMAc,0.057,120,83.62,0.047866463
1351,KOPiv,PPh2Me,DMAc,0.057,120,28.06,0.036464688
1352,KOPiv,GorlosPhos HBF4,DMAc,0.057,120,36.29,0.047543433
1353,KOPiv,JackiePhos,DMAc,0.057,120,82.13,0.36528153
1354,KOPiv,CgMe-PPh,DMAc,0.057,120,89.95,0.06705631299999999
1355,KOPiv,PPhMe2,DMAc,0.057,120,2.15,0.037645824
1356,CsOAc,P(fur)3,DMAc,0.057,120,78.6,0.094446738
1357,CsOAc,PPh2Me,DMAc,0.057,120,18.16,0.083030895
1358,CsOAc,GorlosPhos HBF4,DMAc,0.057,120,16.77,0.094081907
1359,CsOAc,JackiePhos,DMAc,0.057,120,81.48,0.411874402
1360,CsOAc,CgMe-PPh,DMAc,0.057,120,95.48,0.113667001
1361,CsOAc,PPhMe2,DMAc,0.057,120,5.9,0.084251381
1362,CsOPiv,P(fur)3,DMAc,0.057,120,50.7,0.135239574
1363,CsOPiv,PPh2Me,DMAc,0.057,120,9.36,0.123878793
1364,CsOPiv,GorlosPhos HBF4,DMAc,0.057,120,27.88,0.134987201
1365,CsOPiv,JackiePhos,DMAc,0.057,120,22.07,0.452576402
1366,CsOPiv,CgMe-PPh,DMAc,0.057,120,92.03,0.154530321
1367,CsOPiv,PPhMe2,DMAc,0.057,120,0.0,0.12510763800000002
1368,KOAc,P(fur)3,BuCN,0.057,120,12.25,0.079366324
1369,KOAc,PPh2Me,BuCN,0.057,120,0.0,0.068030658
1370,KOAc,GorlosPhos HBF4,BuCN,0.057,120,20.95,0.07924653599999999
1371,KOAc,JackiePhos,BuCN,0.057,120,21.88,0.3968596270000001
1372,KOAc,CgMe-PPh,BuCN,0.057,120,76.66,0.099032478
1373,KOAc,PPhMe2,BuCN,0.057,120,0.0,0.06928648700000001
1374,KOPiv,P(fur)3,BuCN,0.057,120,31.53,0.078420059
1375,KOPiv,PPh2Me,BuCN,0.057,120,0.0,0.066936358
1376,KOPiv,GorlosPhos HBF4,BuCN,0.057,120,64.48,0.078486468
1377,KOPiv,JackiePhos,BuCN,0.057,120,16.07,0.395720716
1378,KOPiv,CgMe-PPh,BuCN,0.057,120,77.52,0.097944781
1379,KOPiv,PPhMe2,BuCN,0.057,120,0.0,0.068192187
1380,CsOAc,P(fur)3,BuCN,0.057,120,25.45,0.124968122
1381,CsOAc,PPh2Me,BuCN,0.057,120,0.0,0.113531104
1382,CsOAc,GorlosPhos HBF4,BuCN,0.057,120,49.09,0.124963046
1383,CsOAc,JackiePhos,BuCN,0.057,120,23.23,0.442370438
1384,CsOAc,CgMe-PPh,BuCN,0.057,120,50.74,0.144333905
1385,CsOAc,PPhMe2,BuCN,0.057,120,0.0,0.114786933
1386,CsOPiv,P(fur)3,BuCN,0.057,120,23.81,0.165828796
1387,CsOPiv,PPh2Me,BuCN,0.057,120,0.0,0.15440437
1388,CsOPiv,GorlosPhos HBF4,BuCN,0.057,120,58.13,0.165905723
1389,CsOPiv,JackiePhos,BuCN,0.057,120,11.26,0.483151796
1390,CsOPiv,CgMe-PPh,BuCN,0.057,120,75.46,0.185396976
1391,CsOPiv,PPhMe2,BuCN,0.057,120,0.0,0.155660199
1392,KOAc,P(fur)3,BuOAc,0.057,120,9.35,0.068919178
1393,KOAc,PPh2Me,BuOAc,0.057,120,0.0,0.05762498
1394,KOAc,GorlosPhos HBF4,BuOAc,0.057,120,0.0,0.06867999999999999
1395,KOAc,JackiePhos,BuOAc,0.057,120,5.16,0.386314973
1396,KOAc,CgMe-PPh,BuOAc,0.057,120,46.42,0.08829928199999999
1397,KOAc,PPhMe2,BuOAc,0.057,120,0.0,0.05888080900000001
1398,KOPiv,P(fur)3,BuOAc,0.057,120,14.81,0.067855588
1399,KOPiv,PPh2Me,BuOAc,0.057,120,0.0,0.056530681
1400,KOPiv,GorlosPhos HBF4,BuOAc,0.057,120,38.63,0.067802977
1401,KOPiv,JackiePhos,BuOAc,0.057,120,3.96,0.385213924
1402,KOPiv,CgMe-PPh,BuOAc,0.057,120,33.69,0.087133382
1403,KOPiv,PPhMe2,BuOAc,0.057,120,0.0,0.057786509000000014
1404,CsOAc,P(fur)3,BuOAc,0.057,120,12.14,0.114435316
1405,CsOAc,PPh2Me,BuOAc,0.057,120,0.0,0.103125427
1406,CsOAc,GorlosPhos HBF4,BuOAc,0.057,120,34.4,0.114373931
1407,CsOAc,JackiePhos,BuOAc,0.057,120,2.45,0.431800176
1408,CsOAc,CgMe-PPh,BuOAc,0.057,120,38.65,0.133756026
1409,CsOAc,PPhMe2,BuOAc,0.057,120,0.0,0.104381255
1410,CsOPiv,P(fur)3,BuOAc,0.057,120,10.59,0.155299864
1411,CsOPiv,PPh2Me,BuOAc,0.057,120,0.0,0.143998693
1412,CsOPiv,GorlosPhos HBF4,BuOAc,0.057,120,13.52,0.155129756
1413,CsOPiv,JackiePhos,BuOAc,0.057,120,1.23,0.47266658
1414,CsOPiv,CgMe-PPh,BuOAc,0.057,120,19.71,0.174522762
1415,CsOPiv,PPhMe2,BuOAc,0.057,120,0.0,0.145254521
1416,KOAc,P(fur)3,p-Xylene,0.057,120,4.66,0.052704011
1417,KOAc,PPh2Me,p-Xylene,0.057,120,0.0,0.041445396
1418,KOAc,GorlosPhos HBF4,p-Xylene,0.057,120,0.0,0.052500415
1419,KOAc,JackiePhos,p-Xylene,0.057,120,5.4,0.370126074
1420,KOAc,CgMe-PPh,p-Xylene,0.057,120,31.14,0.071972258
1421,KOAc,PPhMe2,p-Xylene,0.057,120,0.0,0.042701224
1422,KOPiv,P(fur)3,p-Xylene,0.057,120,9.88,0.051628763
1423,KOPiv,PPh2Me,p-Xylene,0.057,120,0.0,0.040351096
1424,KOPiv,GorlosPhos HBF4,p-Xylene,0.057,120,4.02,0.051420788
1425,KOPiv,JackiePhos,p-Xylene,0.057,120,8.9,0.369044548
1426,KOPiv,CgMe-PPh,p-Xylene,0.057,120,26.39,0.070860622
1427,KOPiv,PPhMe2,p-Xylene,0.057,120,0.0,0.041606925
1428,CsOAc,P(fur)3,p-Xylene,0.057,120,11.72,0.098230225
1429,CsOAc,PPh2Me,p-Xylene,0.057,120,0.0,0.086945842
1430,CsOAc,GorlosPhos HBF4,p-Xylene,0.057,120,21.94,0.098080937
1431,CsOAc,JackiePhos,p-Xylene,0.057,120,6.44,0.415630316
1432,CsOAc,CgMe-PPh,p-Xylene,0.057,120,59.82,0.117577379
1433,CsOAc,PPhMe2,p-Xylene,0.057,120,0.0,0.088201671
1434,CsOPiv,P(fur)3,p-Xylene,0.057,120,5.15,0.139079512
1435,CsOPiv,PPh2Me,p-Xylene,0.057,120,0.0,0.127819108
1436,CsOPiv,GorlosPhos HBF4,p-Xylene,0.057,120,3.69,0.138887595
1437,CsOPiv,JackiePhos,p-Xylene,0.057,120,7.03,0.456505735
1438,CsOPiv,CgMe-PPh,p-Xylene,0.057,120,12.23,0.158276954
1439,CsOPiv,PPhMe2,p-Xylene,0.057,120,0.0,0.129074937
1440,KOAc,P(fur)3,DMAc,0.153,90,10.13,0.033970786
1441,KOAc,PPh2Me,DMAc,0.153,90,3.02,0.022708682
1442,KOAc,GorlosPhos HBF4,DMAc,0.153,90,9.14,0.033781344
1443,KOAc,JackiePhos,DMAc,0.153,90,36.97,0.35146752200000003
1444,KOAc,CgMe-PPh,DMAc,0.153,90,28.9,0.053196497
1445,KOAc,PPhMe2,DMAc,0.153,90,0.0,0.023955804
1446,KOPiv,P(fur)3,DMAc,0.153,90,37.37,0.032955013
1447,KOPiv,PPh2Me,DMAc,0.153,90,2.29,0.021612277000000003
1448,KOPiv,GorlosPhos HBF4,DMAc,0.153,90,30.03,0.032747265
1449,KOPiv,JackiePhos,DMAc,0.153,90,2.9,0.350275005
1450,KOPiv,CgMe-PPh,DMAc,0.153,90,61.09,0.052194994
1451,KOPiv,PPhMe2,DMAc,0.153,90,0.0,0.022861504
1452,CsOAc,P(fur)3,DMAc,0.153,90,24.55,0.07951280200000001
1453,CsOAc,PPh2Me,DMAc,0.153,90,3.61,0.068210829
1454,CsOAc,GorlosPhos HBF4,DMAc,0.153,90,14.72,0.07929787599999999
1455,CsOAc,JackiePhos,DMAc,0.153,90,11.77,0.3968953220000001
1456,CsOAc,CgMe-PPh,DMAc,0.153,90,43.84,0.098740012
1457,CsOAc,PPhMe2,DMAc,0.153,90,0.0,0.06945625
1458,CsOPiv,P(fur)3,DMAc,0.153,90,31.66,0.120406564
1459,CsOPiv,PPh2Me,DMAc,0.153,90,1.36,0.109077609
1460,CsOPiv,GorlosPhos HBF4,DMAc,0.153,90,23.23,0.120195674
1461,CsOPiv,JackiePhos,DMAc,0.153,90,0.97,0.437737454
1462,CsOPiv,CgMe-PPh,DMAc,0.153,90,84.03,0.139729137
1463,CsOPiv,PPhMe2,DMAc,0.153,90,0.0,0.110329516
1464,KOAc,P(fur)3,BuCN,0.153,90,5.7,0.045962058
1465,KOAc,PPh2Me,BuCN,0.153,90,0.0,0.034676685
1466,KOAc,GorlosPhos HBF4,BuCN,0.153,90,5.26,0.045772092
1467,KOAc,JackiePhos,BuCN,0.153,90,24.05,0.363522315
1468,KOAc,CgMe-PPh,BuCN,0.153,90,19.99,0.065243382
1469,KOAc,PPhMe2,BuCN,0.153,90,0.0,0.035932514
1470,KOPiv,P(fur)3,BuCN,0.153,90,52.2,0.045224794000000006
1471,KOPiv,PPh2Me,BuCN,0.153,90,0.0,0.033582385
1472,KOPiv,GorlosPhos HBF4,BuCN,0.153,90,14.99,0.044752500999999986
1473,KOPiv,JackiePhos,BuCN,0.153,90,22.3,0.362414578
1474,KOPiv,CgMe-PPh,BuCN,0.153,90,52.23,0.064396627
1475,KOPiv,PPhMe2,BuCN,0.153,90,0.0,0.034838214
1476,CsOAc,P(fur)3,BuCN,0.153,90,29.45,0.091644861
1477,CsOAc,PPh2Me,BuCN,0.153,90,0.0,0.080177131
1478,CsOAc,GorlosPhos HBF4,BuCN,0.153,90,16.44,0.09135838
1479,CsOAc,JackiePhos,BuCN,0.153,90,36.32,0.409116973
1480,CsOAc,CgMe-PPh,BuCN,0.153,90,63.2,0.111075602
1481,CsOAc,PPhMe2,BuCN,0.153,90,0.0,0.08143296
1482,CsOPiv,P(fur)3,BuCN,0.153,90,44.4,0.132632916
1483,CsOPiv,PPh2Me,BuCN,0.153,90,0.0,0.121050397
1484,CsOPiv,GorlosPhos HBF4,BuCN,0.153,90,18.19,0.132245083
1485,CsOPiv,JackiePhos,BuCN,0.153,90,16.91,0.449841205
1486,CsOPiv,CgMe-PPh,BuCN,0.153,90,36.73,0.151745627
1487,CsOPiv,PPhMe2,BuCN,0.153,90,0.0,0.122306226
1488,KOAc,P(fur)3,BuOAc,0.153,90,10.04,0.041843595
1489,KOAc,PPh2Me,BuOAc,0.153,90,0.0,0.030545517
1490,KOAc,GorlosPhos HBF4,BuOAc,0.153,90,0.0,0.041600537
1491,KOAc,JackiePhos,BuOAc,0.153,90,4.39,0.359231178
1492,KOAc,CgMe-PPh,BuOAc,0.153,90,16.83,0.061053388
1493,KOAc,PPhMe2,BuOAc,0.153,90,0.0,0.031801346
1494,KOPiv,P(fur)3,BuOAc,0.153,90,33.6,0.04088181
1495,KOPiv,PPh2Me,BuOAc,0.153,90,0.0,0.029451217
1496,KOPiv,GorlosPhos HBF4,BuOAc,0.153,90,5.65,0.040538016
1497,KOPiv,JackiePhos,BuOAc,0.153,90,5.68,0.358144134
1498,KOPiv,CgMe-PPh,BuOAc,0.153,90,22.65,0.059991823
1499,KOPiv,PPhMe2,BuOAc,0.153,90,0.0,0.030707046
1500,CsOAc,P(fur)3,BuOAc,0.153,90,34.6,0.08748218099999999
1501,CsOAc,PPh2Me,BuOAc,0.153,90,0.0,0.076045963
1502,CsOAc,GorlosPhos HBF4,BuOAc,0.153,90,4.16,0.087124381
1503,CsOAc,JackiePhos,BuOAc,0.153,90,3.38,0.404725944
1504,CsOAc,CgMe-PPh,BuOAc,0.153,90,31.58,0.106636797
1505,CsOAc,PPhMe2,BuOAc,0.153,90,0.0,0.07730179200000001
1506,CsOPiv,P(fur)3,BuOAc,0.153,90,25.64,0.128305051
1507,CsOPiv,PPh2Me,BuOAc,0.153,90,0.0,0.116919229
1508,CsOPiv,GorlosPhos HBF4,BuOAc,0.153,90,9.39,0.128027064
1509,CsOPiv,JackiePhos,BuOAc,0.153,90,2.77,0.445595779
1510,CsOPiv,CgMe-PPh,BuOAc,0.153,90,18.93,0.147438912
1511,CsOPiv,PPhMe2,BuOAc,0.153,90,0.0,0.118175058
1512,KOAc,P(fur)3,p-Xylene,0.153,90,10.66,0.035553567
1513,KOAc,PPh2Me,p-Xylene,0.153,90,0.0,0.024273053
1514,KOAc,GorlosPhos HBF4,p-Xylene,0.153,90,0.18,0.03532873
1515,KOAc,JackiePhos,p-Xylene,0.153,90,6.73,0.352958586
1516,KOAc,CgMe-PPh,p-Xylene,0.153,90,16.95,0.054748126
1517,KOAc,PPhMe2,p-Xylene,0.153,90,0.0,0.025528882000000003
1518,KOPiv,P(fur)3,p-Xylene,0.153,90,37.3,0.034556497
1519,KOPiv,PPh2Me,p-Xylene,0.153,90,0.0,0.023178753
1520,KOPiv,GorlosPhos HBF4,p-Xylene,0.153,90,2.49,0.034242861
1521,KOPiv,JackiePhos,p-Xylene,0.153,90,9.96,0.351876074
1522,KOPiv,CgMe-PPh,p-Xylene,0.153,90,20.67,0.053667403
1523,KOPiv,PPhMe2,p-Xylene,0.153,90,0.0,0.024434582000000003
1524,CsOAc,P(fur)3,p-Xylene,0.153,90,40.04,0.081161243
1525,CsOAc,PPh2Me,p-Xylene,0.153,90,0.0,0.069773499
1526,CsOAc,GorlosPhos HBF4,p-Xylene,0.153,90,1.65,0.080834541
1527,CsOAc,JackiePhos,p-Xylene,0.153,90,6.77,0.398459178
1528,CsOAc,CgMe-PPh,p-Xylene,0.153,90,44.22,0.100348101
1529,CsOAc,PPhMe2,p-Xylene,0.153,90,0.0,0.071029328
1530,CsOPiv,P(fur)3,p-Xylene,0.153,90,18.95,0.121957536
1531,CsOPiv,PPh2Me,p-Xylene,0.153,90,0.0,0.110646765
1532,CsOPiv,GorlosPhos HBF4,p-Xylene,0.153,90,0.93,0.121705179
1533,CsOPiv,JackiePhos,p-Xylene,0.153,90,9.32,0.439341751
1534,CsOPiv,CgMe-PPh,p-Xylene,0.153,90,13.02,0.141107495
1535,CsOPiv,PPhMe2,p-Xylene,0.153,90,0.0,0.111902594
1536,KOAc,P(fur)3,DMAc,0.153,105,32.04,0.034033947
1537,KOAc,PPh2Me,DMAc,0.153,105,3.79,0.022710901
1538,KOAc,GorlosPhos HBF4,DMAc,0.153,105,21.77,0.033817753
1539,KOAc,JackiePhos,DMAc,0.153,105,63.88,0.35154509700000003
1540,KOAc,CgMe-PPh,DMAc,0.153,105,87.0,0.053363987
1541,KOAc,PPhMe2,DMAc,0.153,105,0.0,0.023955804
1542,KOPiv,P(fur)3,DMAc,0.153,105,64.46,0.033033107
1543,KOPiv,PPh2Me,DMAc,0.153,105,2.77,0.021613661
1544,KOPiv,GorlosPhos HBF4,DMAc,0.153,105,72.45,0.032869553
1545,KOPiv,JackiePhos,DMAc,0.153,105,11.68,0.350300316
1546,KOPiv,CgMe-PPh,DMAc,0.153,105,98.49,0.05230281
1547,KOPiv,PPhMe2,DMAc,0.153,105,0.0,0.022861504
1548,CsOAc,P(fur)3,DMAc,0.153,105,52.56,0.079593548
1549,CsOAc,PPh2Me,DMAc,0.153,105,3.24,0.06820976200000001
1550,CsOAc,GorlosPhos HBF4,DMAc,0.153,105,59.83,0.079427918
1551,CsOAc,JackiePhos,DMAc,0.153,105,22.3,0.396925677
1552,CsOAc,CgMe-PPh,DMAc,0.153,105,100.0,0.098901909
1553,CsOAc,PPhMe2,DMAc,0.153,105,0.0,0.06945625
1554,CsOPiv,P(fur)3,DMAc,0.153,105,55.96,0.120476616
1555,CsOPiv,PPh2Me,DMAc,0.153,105,0.0,0.109073688
1556,CsOPiv,GorlosPhos HBF4,DMAc,0.153,105,76.34,0.120348779
1557,CsOPiv,JackiePhos,DMAc,0.153,105,2.84,0.437742845
1558,CsOPiv,CgMe-PPh,DMAc,0.153,105,100.0,0.139775175
1559,CsOPiv,PPhMe2,DMAc,0.153,105,0.0,0.110329516
1560,KOAc,P(fur)3,BuCN,0.153,105,11.61,0.046007436
1561,KOAc,PPh2Me,BuCN,0.153,105,0.0,0.034676685
1562,KOAc,GorlosPhos HBF4,BuCN,0.153,105,11.6,0.045820772
1563,KOAc,JackiePhos,BuCN,0.153,105,21.86,0.3635055
1564,KOAc,CgMe-PPh,BuCN,0.153,105,50.75,0.065479563
1565,KOAc,PPhMe2,BuCN,0.153,105,0.0,0.035932514
1566,KOPiv,P(fur)3,BuCN,0.153,105,57.68,0.045266870999999986
1567,KOPiv,PPh2Me,BuCN,0.153,105,0.0,0.033582385
1568,KOPiv,GorlosPhos HBF4,BuCN,0.153,105,30.77,0.044873663
1569,KOPiv,JackiePhos,BuCN,0.153,105,23.1,0.362420721
1570,KOPiv,CgMe-PPh,BuCN,0.153,105,69.2,0.064526925
1571,KOPiv,PPhMe2,BuCN,0.153,105,0.0,0.034838214
1572,CsOAc,P(fur)3,BuCN,0.153,105,31.29,0.091658989
1573,CsOAc,PPh2Me,BuCN,0.153,105,0.0,0.080177131
1574,CsOAc,GorlosPhos HBF4,BuCN,0.153,105,28.37,0.091449981
1575,CsOAc,JackiePhos,BuCN,0.153,105,32.74,0.409089485
1576,CsOAc,CgMe-PPh,BuCN,0.153,105,96.38,0.111330365
1577,CsOAc,PPhMe2,BuCN,0.153,105,0.0,0.08143296
1578,CsOPiv,P(fur)3,BuCN,0.153,105,52.69,0.132696569
1579,CsOPiv,PPh2Me,BuCN,0.153,105,0.0,0.121050397
1580,CsOPiv,GorlosPhos HBF4,BuCN,0.153,105,29.82,0.13233438
1581,CsOPiv,JackiePhos,BuCN,0.153,105,13.99,0.449818785
1582,CsOPiv,CgMe-PPh,BuCN,0.153,105,53.52,0.151874543
1583,CsOPiv,PPhMe2,BuCN,0.153,105,0.0,0.122306226
1584,KOAc,P(fur)3,BuOAc,0.153,105,14.19,0.041866937
1585,KOAc,PPh2Me,BuOAc,0.153,105,0.0,0.030545517
1586,KOAc,GorlosPhos HBF4,BuOAc,0.153,105,1.31,0.041607905
1587,KOAc,JackiePhos,BuOAc,0.153,105,6.18,0.359241246
1588,KOAc,CgMe-PPh,BuOAc,0.153,105,38.53,0.061175441
1589,KOAc,PPhMe2,BuOAc,0.153,105,0.0,0.031801346
1590,KOPiv,P(fur)3,BuOAc,0.153,105,36.7,0.040899246
1591,KOPiv,PPh2Me,BuOAc,0.153,105,0.0,0.029451217
1592,KOPiv,GorlosPhos HBF4,BuOAc,0.153,105,13.22,0.040580594
1593,KOPiv,JackiePhos,BuOAc,0.153,105,6.7,0.358149871
1594,KOPiv,CgMe-PPh,BuOAc,0.153,105,32.43,0.060046832
1595,KOPiv,PPhMe2,BuOAc,0.153,105,0.0,0.030707046
1596,CsOAc,P(fur)3,BuOAc,0.153,105,34.53,0.08748178699999999
1597,CsOAc,PPh2Me,BuOAc,0.153,105,0.0,0.076045963
1598,CsOAc,GorlosPhos HBF4,BuOAc,0.153,105,5.13,0.08712983699999999
1599,CsOAc,JackiePhos,BuOAc,0.153,105,4.09,0.404729937
1600,CsOAc,CgMe-PPh,BuOAc,0.153,105,50.69,0.106744282
1601,CsOAc,PPhMe2,BuOAc,0.153,105,0.0,0.07730179200000001
1602,CsOPiv,P(fur)3,BuOAc,0.153,105,27.05,0.128312981
1603,CsOPiv,PPh2Me,BuOAc,0.153,105,0.0,0.116919229
1604,CsOPiv,GorlosPhos HBF4,BuOAc,0.153,105,9.03,0.128025039
1605,CsOPiv,JackiePhos,BuOAc,0.153,105,3.13,0.445597804
1606,CsOPiv,CgMe-PPh,BuOAc,0.153,105,22.88,0.147461129
1607,CsOPiv,PPhMe2,BuOAc,0.153,105,0.0,0.118175058
1608,KOAc,P(fur)3,p-Xylene,0.153,105,11.69,0.035557326
1609,KOAc,PPh2Me,p-Xylene,0.153,105,0.0,0.024273053
1610,KOAc,GorlosPhos HBF4,p-Xylene,0.153,105,0.83,0.035331102
1611,KOAc,JackiePhos,p-Xylene,0.153,105,7.61,0.352961797
1612,KOAc,CgMe-PPh,p-Xylene,0.153,105,41.64,0.054838238
1613,KOAc,PPhMe2,p-Xylene,0.153,105,0.0,0.025528882000000003
1614,KOPiv,P(fur)3,p-Xylene,0.153,105,37.71,0.034557992999999995
1615,KOPiv,PPh2Me,p-Xylene,0.153,105,0.22,0.023179556
1616,KOPiv,GorlosPhos HBF4,p-Xylene,0.153,105,4.92,0.03425173
1617,KOPiv,JackiePhos,p-Xylene,0.153,105,12.77,0.35188633
1618,KOPiv,CgMe-PPh,p-Xylene,0.153,105,31.32,0.053706273
1619,KOPiv,PPhMe2,p-Xylene,0.153,105,0.0,0.024434582000000003
1620,CsOAc,P(fur)3,p-Xylene,0.153,105,53.25,0.081209456
1621,CsOAc,PPh2Me,p-Xylene,0.153,105,0.0,0.069773499
1622,CsOAc,GorlosPhos HBF4,p-Xylene,0.153,105,6.96,0.080853921
1623,CsOAc,JackiePhos,p-Xylene,0.153,105,10.93,0.398474361
1624,CsOAc,CgMe-PPh,p-Xylene,0.153,105,80.69,0.100481207
1625,CsOAc,PPhMe2,p-Xylene,0.153,105,0.0,0.071029328
1626,CsOPiv,P(fur)3,p-Xylene,0.153,105,15.44,0.121944725
1627,CsOPiv,PPh2Me,p-Xylene,0.153,105,0.0,0.110646765
1628,CsOPiv,GorlosPhos HBF4,p-Xylene,0.153,105,4.53,0.121718318
1629,CsOPiv,JackiePhos,p-Xylene,0.153,105,10.46,0.439345911
1630,CsOPiv,CgMe-PPh,p-Xylene,0.153,105,19.28,0.141130342
1631,CsOPiv,PPhMe2,p-Xylene,0.153,105,0.0,0.111902594
1632,KOAc,P(fur)3,DMAc,0.153,120,52.08,0.034091718
1633,KOAc,PPh2Me,DMAc,0.153,120,7.5,0.022721597000000003
1634,KOAc,GorlosPhos HBF4,DMAc,0.153,120,14.06,0.033795527
1635,KOAc,JackiePhos,DMAc,0.153,120,85.21,0.351606587
1636,KOAc,CgMe-PPh,DMAc,0.153,120,98.38,0.053396793
1637,KOAc,PPhMe2,DMAc,0.153,120,2.78,0.023963818
1638,KOPiv,P(fur)3,DMAc,0.153,120,78.93,0.033074821000000004
1639,KOPiv,PPh2Me,DMAc,0.153,120,2.64,0.021613286
1640,KOPiv,GorlosPhos HBF4,DMAc,0.153,120,61.33,0.032837496
1641,KOPiv,JackiePhos,DMAc,0.153,120,43.12,0.350390951
1642,KOPiv,CgMe-PPh,DMAc,0.153,120,99.81,0.052306615999999986
1643,KOPiv,PPhMe2,DMAc,0.153,120,0.0,0.022861504
1644,CsOAc,P(fur)3,DMAc,0.153,120,74.3,0.07965622
1645,CsOAc,PPh2Me,DMAc,0.153,120,2.33,0.068207139
1646,CsOAc,GorlosPhos HBF4,DMAc,0.153,120,40.26,0.079371502
1647,CsOAc,JackiePhos,DMAc,0.153,120,39.57,0.396975463
1648,CsOAc,CgMe-PPh,DMAc,0.153,120,99.22,0.098899661
1649,CsOAc,PPhMe2,DMAc,0.153,120,2.79,0.069464293
1650,CsOPiv,P(fur)3,DMAc,0.153,120,68.17,0.120511814
1651,CsOPiv,PPh2Me,DMAc,0.153,120,10.49,0.109103928
1652,CsOPiv,GorlosPhos HBF4,DMAc,0.153,120,54.83,0.12028677
1653,CsOPiv,JackiePhos,DMAc,0.153,120,5.65,0.437750945
1654,CsOPiv,CgMe-PPh,DMAc,0.153,120,92.19,0.139752661
1655,CsOPiv,PPhMe2,DMAc,0.153,120,0.0,0.110329516
1656,KOAc,P(fur)3,BuCN,0.153,120,3.04,0.045941634
1657,KOAc,PPh2Me,BuCN,0.153,120,0.0,0.034676685
1658,KOAc,GorlosPhos HBF4,BuCN,0.153,120,19.95,0.045884884
1659,KOAc,JackiePhos,BuCN,0.153,120,20.72,0.363496747
1660,KOAc,CgMe-PPh,BuCN,0.153,120,80.86,0.065710753
1661,KOAc,PPhMe2,BuCN,0.153,120,0.0,0.035932514
1662,KOPiv,P(fur)3,BuCN,0.153,120,53.11,0.045231781
1663,KOPiv,PPh2Me,BuCN,0.153,120,0.0,0.033582385
1664,KOPiv,GorlosPhos HBF4,BuCN,0.153,120,45.37,0.044985764
1665,KOPiv,JackiePhos,BuCN,0.153,120,20.51,0.362400834
1666,KOPiv,CgMe-PPh,BuCN,0.153,120,80.65,0.06461484099999999
1667,KOPiv,PPhMe2,BuCN,0.153,120,0.0,0.034838214
1668,CsOAc,P(fur)3,BuCN,0.153,120,30.17,0.09165039
1669,CsOAc,PPh2Me,BuCN,0.153,120,0.0,0.080177131
1670,CsOAc,GorlosPhos HBF4,BuCN,0.153,120,36.46,0.091512098
1671,CsOAc,JackiePhos,BuCN,0.153,120,27.41,0.40904856
1672,CsOAc,CgMe-PPh,BuCN,0.153,120,99.98,0.111358006
1673,CsOAc,PPhMe2,BuCN,0.153,120,0.0,0.08143296
1674,CsOPiv,P(fur)3,BuCN,0.153,120,49.48,0.132671922
1675,CsOPiv,PPh2Me,BuCN,0.153,120,0.0,0.121050397
1676,CsOPiv,GorlosPhos HBF4,BuCN,0.153,120,39.2,0.132406402
1677,CsOPiv,JackiePhos,BuCN,0.153,120,13.79,0.449817249
1678,CsOPiv,CgMe-PPh,BuCN,0.153,120,71.81,0.152014977
1679,CsOPiv,PPhMe2,BuCN,0.153,120,0.0,0.122306226
1680,KOAc,P(fur)3,BuOAc,0.153,120,13.12,0.041860919
1681,KOAc,PPh2Me,BuOAc,0.153,120,0.0,0.030545517
1682,KOAc,GorlosPhos HBF4,BuOAc,0.153,120,8.2,0.041646658
1683,KOAc,JackiePhos,BuOAc,0.153,120,6.48,0.359242934
1684,KOAc,CgMe-PPh,BuOAc,0.153,120,52.47,0.061253848
1685,KOAc,PPhMe2,BuOAc,0.153,120,0.0,0.031801346
1686,KOPiv,P(fur)3,BuOAc,0.153,120,31.43,0.040869605
1687,KOPiv,PPh2Me,BuOAc,0.153,120,0.0,0.029451217
1688,KOPiv,GorlosPhos HBF4,BuOAc,0.153,120,26.48,0.040655175
1689,KOPiv,JackiePhos,BuOAc,0.153,120,6.87,0.358150828
1690,KOPiv,CgMe-PPh,BuOAc,0.153,120,45.73,0.060121638
1691,KOPiv,PPhMe2,BuOAc,0.153,120,0.0,0.030707046
1692,CsOAc,P(fur)3,BuOAc,0.153,120,53.61,0.087589104
1693,CsOAc,PPh2Me,BuOAc,0.153,120,0.0,0.076045963
1694,CsOAc,GorlosPhos HBF4,BuOAc,0.153,120,23.3,0.087232035
1695,CsOAc,JackiePhos,BuOAc,0.153,120,4.87,0.404734325
1696,CsOAc,CgMe-PPh,BuOAc,0.153,120,62.33,0.106809752
1697,CsOAc,PPhMe2,BuOAc,0.153,120,1.8,0.077311916
1698,CsOPiv,P(fur)3,BuOAc,0.153,120,21.09,0.128279459
1699,CsOPiv,PPh2Me,BuOAc,0.153,120,0.0,0.116919229
1700,CsOPiv,GorlosPhos HBF4,BuOAc,0.153,120,22.22,0.12809922699999998
1701,CsOPiv,JackiePhos,BuOAc,0.153,120,3.18,0.445598085
1702,CsOPiv,CgMe-PPh,BuOAc,0.153,120,26.69,0.147482559
1703,CsOPiv,PPhMe2,BuOAc,0.153,120,0.0,0.118175058
1704,KOAc,P(fur)3,p-Xylene,0.153,120,11.99,0.035558421
1705,KOAc,PPh2Me,p-Xylene,0.153,120,0.0,0.024273053
1706,KOAc,GorlosPhos HBF4,p-Xylene,0.153,120,4.87,0.035345847
1707,KOAc,JackiePhos,p-Xylene,0.153,120,7.88,0.35296278299999995
1708,KOAc,CgMe-PPh,p-Xylene,0.153,120,60.29,0.054906306
1709,KOAc,PPhMe2,p-Xylene,0.153,120,0.0,0.025528882000000003
1710,KOPiv,P(fur)3,p-Xylene,0.153,120,23.8,0.034507225
1711,KOPiv,PPh2Me,p-Xylene,0.153,120,0.0,0.023178753
1712,KOPiv,GorlosPhos HBF4,p-Xylene,0.153,120,17.56,0.034297863
1713,KOPiv,JackiePhos,p-Xylene,0.153,120,13.33,0.351888374
1714,KOPiv,CgMe-PPh,p-Xylene,0.153,120,44.47,0.053754267
1715,KOPiv,PPhMe2,p-Xylene,0.153,120,0.0,0.024434582000000003
1716,CsOAc,P(fur)3,p-Xylene,0.153,120,53.02,0.081208617
1717,CsOAc,PPh2Me,p-Xylene,0.153,120,0.0,0.069773499
1718,CsOAc,GorlosPhos HBF4,p-Xylene,0.153,120,11.49,0.080870455
1719,CsOAc,JackiePhos,p-Xylene,0.153,120,10.77,0.398473777
1720,CsOAc,CgMe-PPh,p-Xylene,0.153,120,91.19,0.100519529
1721,CsOAc,PPhMe2,p-Xylene,0.153,120,0.0,0.071029328
1722,CsOPiv,P(fur)3,p-Xylene,0.153,120,14.29,0.121940528
1723,CsOPiv,PPh2Me,p-Xylene,0.153,120,1.6,0.110652605
1724,CsOPiv,GorlosPhos HBF4,p-Xylene,0.153,120,8.39,0.121732406
1725,CsOPiv,JackiePhos,p-Xylene,0.153,120,13.34,0.439356423
1726,CsOPiv,CgMe-PPh,p-Xylene,0.153,120,19.13,0.141129795
1727,CsOPiv,PPhMe2,p-Xylene,0.153,120,0.0,0.111902594
