Temperature,Volume,D,SM1,SM2,W,Mixing,Time,SM1B,SM2B,SM3B,WB,P,I1,I2,I3,I4
30,0.8,0.01,1,1.1,0.1,100,0.75,0.001007784,0.953777861,1.003293857,0.095440611,0.071581,4.77E-05,0.001230349,2.01E-07,7.36E-07
30,0.8,0.01,1,1.1,0.1,100,1.5,0.00105602,0.885941005,0.936406344,0.094311682,0.138204468,0.000178673,0.002359078,4.01E-07,2.88E-06
30,0.8,0.01,1,1.1,0.1,100,2.25,0.001107268,0.822995067,0.874248462,0.09327495,0.199964867,0.000375687,0.003395603,6.09E-07,6.34E-06
30,0.8,0.01,1,1.1,0.1,100,3,0.001161668,0.764591003,0.816493797,0.092322024,0.257217474,0.000624382,0.004348313,8.24E-07,1.10E-05
30,0.8,0.01,1,1.1,0.1,100,3.75,0.001219357,0.710404209,0.762837153,0.091445379,0.310291611,0.000912739,0.005224734,1.05E-06,1.68E-05
30,0.8,0.01,1,1.1,0.1,100,4.5,0.00128046,0.660132735,0.71299322,0.090638254,0.359492677,0.001230756,0.006031626,1.28E-06,2.36E-05
30,0.8,0.01,1,1.1,0.1,100,5.25,0.001345094,0.613495875,0.666695555,0.089894558,0.405103781,0.001570136,0.006775079,1.52E-06,3.14E-05
30,0.8,0.01,1,1.1,0.1,100,6,0.001413408,0.570232829,0.623695548,0.0892088,0.447387291,0.001924037,0.007460584,1.78E-06,4.01E-05
30,0.8,0.01,1,1.2,0.5,300,0.75,0.001134377,0.877456923,1.116961634,0.48932949,0.089287263,8.58E-05,0.007716091,1.50E-06,1.15E-06
30,0.8,0.01,1,1.2,0.5,300,1.5,0.001219226,0.788435821,1.0344587,0.482490914,0.171321896,0.000318298,0.014553128,3.04E-06,4.50E-06
30,0.8,0.01,1,1.2,0.5,300,2.25,0.001313375,0.70705823,0.95869635,0.476433124,0.246388637,0.000663429,0.020609283,4.67E-06,9.84E-06
30,0.8,0.01,1,1.2,0.5,300,3,0.001417918,0.632707698,0.889170306,0.471070581,0.315047444,0.001093456,0.025970084,6.41E-06,1.70E-05
30,0.8,0.01,1,1.2,0.5,300,3.75,0.00153408,0.564821669,0.825414325,0.466328258,0.377809791,0.001585844,0.030710545,8.28E-06,2.59E-05
30,0.8,0.01,1,1.2,0.5,300,4.5,0.001663362,0.50288717,0.766998176,0.462140077,0.435142445,0.002122396,0.034896727,1.03E-05,3.63E-05
30,0.8,0.01,1,1.2,0.5,300,5.25,0.00180727,0.446436567,0.713525702,0.458447605,0.487470861,0.002688529,0.038587048,1.24E-05,4.81E-05
30,0.8,0.01,1,1.2,0.5,300,6,0.001967707,0.395043847,0.664632414,0.455198967,0.535182831,0.003272655,0.041833364,1.47E-05,6.11E-05
30,0.8,0.1,1,1.1,0.5,300,0.75,0.017767127,0.416764421,0.527084692,0.50835662,0.522527112,0.000285626,0.004765078,1.64E-05,6.59E-06
30,0.8,0.1,1,1.1,0.5,300,1.5,0.030278826,0.186802416,0.286321375,0.50622917,0.762551697,0.000647614,0.00686499,4.40E-05,2.13E-05
30,0.8,0.1,1,1.1,0.5,300,2.25,0.045741924,0.09040875,0.17512151,0.505220943,0.873207061,0.000910617,0.007829054,8.81E-05,3.98E-05
30,0.8,0.1,1,1.1,0.5,300,3,0.059406708,0.049868443,0.121160552,0.504666617,0.926772961,0.001098022,0.008321986,0.000149509,6.01E-05
30,0.8,0.1,1,1.1,0.5,300,3.75,0.069353365,0.031046576,0.092462513,0.504303767,0.955165346,0.001240283,0.008609785,0.000224561,8.12E-05
30,0.8,0.1,1,1.1,0.5,300,4.5,0.076211723,0.021078815,0.075623556,0.504032186,0.971752435,0.001355407,0.008796718,0.000309208,0.000102838
30,0.8,0.1,1,1.1,0.5,300,5.25,0.080977384,0.015177748,0.064898369,0.503810268,0.982259986,0.001453267,0.008927378,0.000400467,0.000124755
30,0.8,0.1,1,1.1,0.5,300,6,0.084368737,0.011380147,0.057623268,0.503618402,0.989340516,0.001539498,0.009023352,0.000496358,0.000146865
30,0.8,0.1,1,1.2,0.1,100,0.75,0.029322479,0.22955515,0.514525594,0.10241131,0.638644882,0.000547544,0.00110712,7.08E-06,1.19E-05
30,0.8,0.1,1,1.2,0.1,100,1.5,0.064001033,0.048751545,0.298668955,0.102129927,0.853231949,0.001170081,0.00137184,2.37E-05,3.64E-05
30,0.8,0.1,1,1.2,0.1,100,2.25,0.087850292,0.011881431,0.237483304,0.10204414,0.913397269,0.00166604,0.001429573,5.18E-05,6.48E-05
30,0.8,0.1,1,1.2,0.1,100,3,0.096430294,0.003395876,0.219952251,0.101995459,0.93000471,0.002113099,0.001444696,8.54E-05,9.43E-05
30,0.8,0.1,1,1.2,0.1,100,3.75,0.099133616,0.001030764,0.214421742,0.101955623,0.934643153,0.002544236,0.001449144,0.000120746,0.000124063
30,0.8,0.1,1,1.2,0.1,100,4.5,0.099954013,0.000319358,0.212429863,0.101918314,0.935754171,0.002969729,0.001450508,0.000156692,0.000153937
30,0.8,0.1,1,1.2,0.1,100,5.25,0.100185549,9.99E-05,0.211520128,0.101881788,0.935787981,0.003392748,0.001450931,0.000192795,0.000183826
30,0.8,0.1,1,1.2,0.1,100,6,0.100233111,3.14E-05,0.210946568,0.101845521,0.935488603,0.003814275,0.001451064,0.000228929,0.000213709
30,1.2,0.01,1,1.1,0.5,100,0.75,0.001314712,0.975808843,1.127547901,0.524130602,0.031216371,8.43E-06,0.002473731,5.42E-07,1.80E-07
30,1.2,0.01,1,1.1,0.5,100,1.5,0.001345782,0.942900795,1.096962792,0.521750906,0.061751645,3.31E-05,0.004852908,1.06E-06,7.18E-07
30,1.2,0.01,1,1.1,0.5,100,2.25,0.001377774,0.911022922,1.067301493,0.519461796,0.091333089,7.26E-05,0.007141488,1.59E-06,1.60E-06
30,1.2,0.01,1,1.1,0.5,100,3,0.001410705,0.880143814,1.038537457,0.517259683,0.119989842,0.000125594,0.00934306,2.13E-06,2.83E-06
30,1.2,0.01,1,1.1,0.5,100,3.75,0.001444607,0.850233049,1.01064485,0.515141142,0.147750143,0.000190973,0.011461051,2.68E-06,4.37E-06
30,1.2,0.01,1,1.1,0.5,100,4.5,0.001479497,0.821261145,0.983598563,0.5131029,0.174641342,0.000267586,0.013498732,3.24E-06,6.24E-06
30,1.2,0.01,1,1.1,0.5,100,5.25,0.001515403,0.793199549,0.957374176,0.511141831,0.20068994,0.000354395,0.015459228,3.82E-06,8.41E-06
30,1.2,0.01,1,1.1,0.5,100,6,0.001552354,0.766020592,0.93194794,0.509254945,0.225921623,0.000450439,0.01734553,4.40E-06,1.09E-05
30,1.2,0.01,1,1.2,0.1,300,0.75,0.001366401,0.941364507,1.213253299,0.09531091,0.037195562,1.44E-05,0.000585712,1.37E-07,2.75E-07
30,1.2,0.01,1,1.2,0.1,300,1.5,0.001404016,0.904603169,1.176971973,0.094751296,0.073392624,5.61E-05,0.001145193,2.70E-07,1.10E-06
30,1.2,0.01,1,1.2,0.1,300,2.25,0.001442982,0.869112595,1.141910285,0.094216672,0.108319964,0.000122574,0.00167968,4.07E-07,2.45E-06
30,1.2,0.01,1,1.2,0.1,300,3,0.001483337,0.834851237,1.108030175,0.093705905,0.142020447,0.000211458,0.002190308,5.46E-07,4.30E-06
30,1.2,0.01,1,1.2,0.1,300,3.75,0.001525129,0.801778933,1.075294716,0.09321792,0.174535429,0.000320522,0.002678151,6.88E-07,6.65E-06
30,1.2,0.01,1,1.2,0.1,300,4.5,0.001568407,0.769856853,1.043668083,0.092751696,0.205904823,0.00044773,0.003144229,8.34E-07,9.48E-06
30,1.2,0.01,1,1.2,0.1,300,5.25,0.001613225,0.739047455,1.013115522,0.092306267,0.236167151,0.000591207,0.003589509,9.83E-07,1.28E-05
30,1.2,0.01,1,1.2,0.1,300,6,0.001659625,0.709314449,0.983603348,0.091880712,0.265359569,0.000749225,0.004014912,1.14E-06,1.65E-05
30,1.2,0.1,1,1.1,0.1,300,0.75,0.019981933,0.593639701,0.790836946,0.098457877,0.323819122,0.000116748,0.000573289,2.20E-06,3.01E-06
30,1.2,0.1,1,1.1,0.1,300,1.5,0.026907131,0.382564066,0.572978034,0.098086663,0.541223111,0.000340345,0.000941655,5.05E-06,1.07E-05
30,1.2,0.1,1,1.1,0.1,300,2.25,0.035591635,0.246549541,0.42827899,0.097846372,0.685445855,0.000573064,0.001178152,8.85E-06,2.16E-05
30,1.2,0.1,1,1.1,0.1,300,3,0.045464414,0.160497829,0.332290781,0.097688777,0.780998195,0.000784528,0.001330823,1.38E-05,3.45E-05
30,1.2,0.1,1,1.1,0.1,300,3.75,0.055507713,0.106716654,0.268375005,0.097582488,0.844529027,0.000969842,0.001430973,1.99E-05,4.89E-05
30,1.2,0.1,1,1.1,0.1,300,4.5,0.064743276,0.073005993,0.225326407,0.097507781,0.887237473,0.001132299,0.001498368,2.72E-05,6.41E-05
30,1.2,0.1,1,1.1,0.1,300,5.25,0.07262792,0.05145994,0.195789608,0.097452702,0.916469439,0.001276785,0.001545099,3.56E-05,8.00E-05
30,1.2,0.1,1,1.1,0.1,300,6,0.079059319,0.037271438,0.175062991,0.097410132,0.936918039,0.001407647,0.001578458,4.48E-05,9.63E-05
30,1.2,0.1,1,1.2,0.5,100,0.75,0.020598489,0.573696566,0.937402732,0.506640988,0.327081712,0.000106181,0.002210578,8.88E-06,2.42E-06
30,1.2,0.1,1,1.2,0.5,100,1.5,0.028529995,0.352428801,0.709355992,0.505250486,0.55469288,0.000320819,0.003589413,2.05E-05,8.71E-06
30,1.2,0.1,1,1.2,0.5,100,2.25,0.039382169,0.208284084,0.554937222,0.504404149,0.708630795,0.000556772,0.004419619,3.67E-05,1.77E-05
30,1.2,0.1,1,1.2,0.5,100,3,0.052547333,0.119503773,0.453226388,0.503899475,0.809878464,0.000782995,0.004902388,5.86E-05,2.84E-05
30,1.2,0.1,1,1.2,0.5,100,3.75,0.06597242,0.068017151,0.388351948,0.503595932,0.874321826,0.0009926,0.005177596,8.69E-05,4.02E-05
30,1.2,0.1,1,1.2,0.5,100,4.5,0.077432525,0.039194185,0.347996838,0.503404358,0.914274435,0.001187557,0.005334842,0.000121248,5.28E-05
30,1.2,0.1,1,1.2,0.5,100,5.25,0.085985439,0.023051678,0.32316946,0.503273846,0.938720244,0.001371825,0.005426254,0.000160348,6.59E-05
30,1.2,0.1,1,1.2,0.5,100,6,0.091864199,0.013817471,0.307891156,0.503177099,0.953631118,0.001548889,0.005480491,0.000202859,7.92E-05
50,0.8,0.01,1,1.1,0.1,300,0.75,0.001362769,0.778239463,0.906928516,0.091933423,0.186007099,0.000967089,0.009900533,2.41E-06,1.26E-05
50,0.8,0.01,1,1.1,0.1,300,1.5,0.001601919,0.619852643,0.753257551,0.08473171,0.335160555,0.003208681,0.017099687,4.97E-06,4.69E-05
50,0.8,0.01,1,1.1,0.1,300,2.25,0.001886557,0.492620598,0.628236735,0.079405961,0.454481053,0.006032965,0.022422637,7.77E-06,9.86E-05
50,0.8,0.01,1,1.1,0.1,300,3,0.002221887,0.390574746,0.526836117,0.075416569,0.549810778,0.00903557,0.026408917,1.09E-05,0.000164313
50,0.8,0.01,1,1.1,0.1,300,3.75,0.002611468,0.308891461,0.44481731,0.072398948,0.625839645,0.011992137,0.029423041,1.44E-05,0.000241119
50,0.8,0.01,1,1.1,0.1,300,4.5,0.003056804,0.243666862,0.378642076,0.070099677,0.6863359,0.014788793,0.031718356,1.83E-05,0.000326785
50,0.8,0.01,1,1.1,0.1,300,5.25,0.003555518,0.19173592,0.325376032,0.068338211,0.734331476,0.017377674,0.033475335,2.28E-05,0.000419492
50,0.8,0.01,1,1.1,0.1,300,6,0.004100551,0.150527576,0.282596282,0.066983219,0.772270539,0.019748875,0.034825245,2.79E-05,0.000517776
50,0.8,0.01,1,1.2,0.5,100,0.75,0.001415365,0.728781503,0.989564119,0.471107978,0.183898426,0.000922574,0.042774246,1.10E-05,1.12E-05
50,0.8,0.01,1,1.2,0.5,100,1.5,0.001739236,0.548362661,0.836651729,0.441074553,0.332423452,0.003100917,0.072795291,2.34E-05,4.19E-05
50,0.8,0.01,1,1.2,0.5,100,2.25,0.002156084,0.40567003,0.711886524,0.419899017,0.451537513,0.005903306,0.093956391,3.78E-05,8.82E-05
50,0.8,0.01,1,1.2,0.5,100,3,0.002691916,0.293592412,0.611061685,0.405029765,0.546211069,0.0089495,0.10880842,5.51E-05,0.000147121
50,0.8,0.01,1,1.2,0.5,100,3.75,0.00337303,0.20669235,0.530677393,0.39471754,0.620379505,0.012023034,0.119099741,7.60E-05,0.00021591
50,0.8,0.01,1,1.2,0.5,100,4.5,0.004212997,0.140719902,0.467830918,0.387710703,0.677170164,0.015012711,0.126080968,0.000101575,0.000292372
50,0.8,0.01,1,1.2,0.5,100,5.25,0.005191669,0.092200817,0.420041627,0.38307863,0.719155327,0.017873651,0.130681708,0.000132908,0.000374621
50,0.8,0.01,1,1.2,0.5,100,6,0.006232671,0.058037276,0.385001857,0.380111148,0.748654325,0.020600822,0.133611421,0.000170677,0.00046105
50,0.8,0.1,1,1.1,0.5,100,0.75,0.040851353,0.137339128,0.262984746,0.485690186,0.784628837,0.001808294,0.018018403,0.000174911,5.22E-05
50,0.8,0.1,1,1.1,0.5,100,1.5,0.073186592,0.031371278,0.125984274,0.482322679,0.919097761,0.003029049,0.020963842,0.000596978,0.000142221
50,0.8,0.1,1,1.1,0.5,100,2.25,0.086568247,0.011327358,0.092009851,0.480918709,0.951384939,0.003824075,0.021788917,0.001175873,0.000239412
50,0.8,0.1,1,1.1,0.5,100,3,0.091604399,0.004949404,0.079632558,0.479953609,0.962359624,0.004475779,0.022115725,0.001814165,0.000338611
50,0.8,0.1,1,1.1,0.5,100,3.75,0.093472826,0.002348371,0.074060039,0.479145075,0.966649154,0.005067309,0.022264227,0.002474197,0.000438543
50,0.8,0.1,1,1.1,0.5,100,4.5,0.094001444,0.00116106,0.071187066,0.478406439,0.968297973,0.005629275,0.022336006,0.003141054,0.000538764
50,0.8,0.1,1,1.1,0.5,100,5.25,0.093919225,0.000587545,0.069518921,0.477703439,0.968774777,0.006174784,0.022371836,0.003808224,0.000639087
50,0.8,0.1,1,1.1,0.5,100,6,0.093547007,0.00030194,0.068424155,0.477020734,0.968698912,0.006709929,0.022390072,0.004472693,0.000739427
50,0.8,0.1,1,1.2,0.1,300,0.75,0.068528254,0.047921977,0.222488512,0.093196716,0.923391438,0.004137778,0.005239234,0.000108394,0.00012293
50,0.8,0.1,1,1.2,0.1,300,1.5,0.095233805,0.005293137,0.150540866,0.0926361,0.989800222,0.006815006,0.005551529,0.000356714,0.000307335
50,0.8,0.1,1,1.2,0.1,300,2.25,0.099141224,0.000829705,0.139656782,0.092313692,0.995951498,0.009086784,0.005592005,0.000638646,0.000496587
50,0.8,0.1,1,1.2,0.1,300,3,0.099535123,0.000141024,0.13611652,0.092021426,0.994945177,0.011265308,0.005598559,0.000924359,0.000686123
50,0.8,0.1,1,1.2,0.1,300,3.75,0.099365518,2.46E-05,0.133755175,0.091735391,0.992855797,0.013396065,0.005599685,0.001209268,0.000875333
50,0.8,0.1,1,1.2,0.1,300,4.5,0.099102122,4.48E-06,0.131624185,0.091451822,0.990615827,0.015487149,0.005599885,0.001492637,0.001064127
50,0.8,0.1,1,1.2,0.1,300,5.25,0.098823983,7.65E-07,0.129563454,0.091170066,0.988381248,0.01754062,0.005599922,0.001774356,0.001252493
50,0.8,0.1,1,1.2,0.1,300,6,0.098544729,8.73E-08,0.127545098,0.09089,0.986177898,0.019557501,0.005599929,0.002054415,0.001440438
50,1.2,0.01,1,1.1,0.5,300,0.75,0.001747105,0.812964192,1.008063179,0.474066005,0.092672613,0.000301514,0.030168745,9.80E-06,5.30E-06
50,1.2,0.01,1,1.1,0.5,300,1.5,0.001937753,0.705064335,0.923879803,0.449340881,0.175245414,0.001099229,0.054883729,1.99E-05,2.04E-05
50,1.2,0.01,1,1.1,0.5,300,2.25,0.002148414,0.610425966,0.848235636,0.428957882,0.248552203,0.002255971,0.07525603,3.06E-05,4.43E-05
50,1.2,0.01,1,1.1,0.5,300,3,0.002380756,0.527365427,0.780394884,0.412073398,0.313542016,0.003665612,0.092129157,4.20E-05,7.60E-05
50,1.2,0.01,1,1.1,0.5,300,3.75,0.002636343,0.454471895,0.719677596,0.398036192,0.371058505,0.005246745,0.106154243,5.41E-05,0.000114525
50,1.2,0.01,1,1.1,0.5,300,4.5,0.002915988,0.390547704,0.665456961,0.386336177,0.421852855,0.006937583,0.117841269,6.71E-05,0.000159137
50,1.2,0.01,1,1.1,0.5,300,5.25,0.003220159,0.334565712,0.617156441,0.376568355,0.466594898,0.008691834,0.127595128,8.11E-05,0.00020911
50,1.2,0.01,1,1.1,0.5,300,6,0.003548719,0.285636508,0.574246204,0.368407166,0.505883299,0.010475407,0.135741272,9.61E-05,0.0002638
50,1.2,0.01,1,1.2,0.1,100,0.75,0.001606848,0.912742627,1.159009155,0.093003366,0.087372635,0.000199002,0.003846197,1.06E-06,3.23E-06
50,1.2,0.01,1,1.2,0.1,100,1.5,0.001721008,0.828885511,1.077858138,0.089640808,0.167434002,0.000739157,0.007207683,2.13E-06,1.26E-05
50,1.2,0.01,1,1.2,0.1,100,2.25,0.001844186,0.752130519,1.003120675,0.086693595,0.240547958,0.001543448,0.010153789,3.24E-06,2.75E-05
50,1.2,0.01,1,1.2,0.1,100,3,0.001976809,0.681904548,0.93434389,0.084104114,0.30729398,0.002548818,0.012742119,4.39E-06,4.75E-05
50,1.2,0.01,1,1.2,0.1,100,3.75,0.002119266,0.617682303,0.871101713,0.081824123,0.368201343,0.003703886,0.015020912,5.59E-06,7.22E-05
50,1.2,0.01,1,1.2,0.1,100,4.5,0.002272282,0.558980272,0.812992179,0.079812983,0.423755704,0.004967012,0.0170308,6.84E-06,0.000101112
50,1.2,0.01,1,1.2,0.1,100,5.25,0.002436543,0.505355849,0.759639946,0.07803626,0.474399842,0.006304662,0.018806213,8.15E-06,0.000133907
50,1.2,0.01,1,1.2,0.1,100,6,0.002611862,0.456400914,0.710693205,0.076464625,0.520539516,0.007690034,0.020376473,9.52E-06,0.00017023
50,1.2,0.1,1,1.1,0.1,100,0.75,0.032208984,0.340391776,0.482763718,0.099780161,0.574844754,0.001139012,0.003530778,2.46E-05,3.28E-05
50,1.2,0.1,1,1.1,0.1,100,1.5,0.052517656,0.141939683,0.263997902,0.09839628,0.790934264,0.002442706,0.00487204,6.72E-05,0.000101756
50,1.2,0.1,1,1.1,0.1,100,2.25,0.069348445,0.069817803,0.174629668,0.097740982,0.878322951,0.003391086,0.005466096,0.000128421,0.000184544
50,1.2,0.1,1,1.1,0.1,100,3,0.080432047,0.039512731,0.132753899,0.097355565,0.918663845,0.004114167,0.005776797,0.000203136,0.000273257
50,1.2,0.1,1,1.1,0.1,100,3.75,0.087386095,0.024536496,0.110328912,0.097088858,0.939807335,0.004709109,0.00596027,0.00028637,0.00036487
50,1.2,0.1,1,1.1,0.1,100,4.5,0.091822101,0.016164645,0.097031307,0.096883243,0.951975201,0.005227378,0.006077338,0.000374918,0.000458072
50,1.2,0.1,1,1.1,0.1,100,5.25,0.094729458,0.011069249,0.088545636,0.09671283,0.959427797,0.005696842,0.006155818,0.000466851,0.000552217
50,1.2,0.1,1,1.1,0.1,100,6,0.096679525,0.007781762,0.082831552,0.096564335,0.964173634,0.006133598,0.006210179,0.000560985,0.000646952
50,1.2,0.1,1,1.2,0.5,300,0.75,0.043816068,0.216060066,0.533887065,0.486112666,0.713911771,0.002216179,0.020392468,0.000199043,5.49E-05
50,1.2,0.1,1,1.2,0.5,300,1.5,0.077889266,0.048003783,0.333337602,0.481259208,0.909487292,0.004649639,0.024825936,0.000619033,0.000161928
50,1.2,0.1,1,1.2,0.5,300,2.25,0.093840652,0.012452431,0.280257392,0.479633839,0.958398615,0.006673767,0.025861948,0.001208389,0.000282559
50,1.2,0.1,1,1.2,0.5,300,3,0.098536218,0.003556056,0.264422009,0.478702254,0.97036514,0.008546185,0.026142229,0.001859693,0.000406579
50,1.2,0.1,1,1.2,0.5,300,3.75,0.099478437,0.001057769,0.258580258,0.477954129,0.972450201,0.010362135,0.026223644,0.002526404,0.00053137
50,1.2,0.1,1,1.2,0.5,300,4.5,0.099292779,0.00032171,0.255598761,0.47726222,0.971730869,0.012150128,0.026248047,0.003193909,0.000656212
50,1.2,0.1,1,1.2,0.5,300,5.25,0.098774705,0.000100017,0.253470034,0.476590797,0.970197731,0.013918717,0.026255499,0.003857881,0.0007809
50,1.2,0.1,1,1.2,0.5,300,6,0.098159237,3.09E-05,0.251607622,0.475929303,0.968431939,0.015670583,0.026257807,0.004517066,0.000905372
40,1,0.05,1,1.15,0.3,200,0.75,0.009550343,0.550106889,0.819648928,0.289651243,0.384727628,0.00060158,0.007194746,1.30E-05,1.10E-05
40,1,0.05,1,1.15,0.3,200,1.5,0.014163062,0.308268031,0.576143613,0.285582737,0.626035315,0.001686738,0.011244709,3.16E-05,3.83E-05
40,1,0.05,1,1.15,0.3,200,2.25,0.0207132,0.164212242,0.426626076,0.283360864,0.773356853,0.002766019,0.013439481,5.87E-05,7.57E-05
40,1,0.05,1,1.15,0.3,200,3,0.02855845,0.083651464,0.338357479,0.282184797,0.859658049,0.003727963,0.014577202,9.70E-05,0.000119215
40,1,0.05,1,1.15,0.3,200,3.75,0.035910097,0.041702408,0.288722463,0.281563552,0.90753616,0.00458292,0.015148147,0.000147318,0.000166203
40,1,0.05,1,1.15,0.3,200,4.5,0.041318895,0.020806377,0.261857955,0.281219465,0.932785145,0.005366246,0.015432013,0.000207539,0.000215075
40,1,0.05,1,1.15,0.3,200,5.25,0.044664259,0.010481083,0.247521586,0.281010511,0.945589931,0.006107115,0.01557407,0.000274437,0.000264921
40,1,0.05,1,1.15,0.3,200,6,0.046527526,0.005330255,0.239791831,0.280867875,0.951835995,0.006823794,0.015645898,0.000345245,0.000315253
40,1,0.05,1,1.15,0.3,200,0.75,0.008290027,0.622328221,0.796425597,0.296667074,0.34816511,0.000476474,0.00721781,1.08E-05,9.09E-06
40,1,0.05,1,1.15,0.3,200,1.5,0.011436536,0.391637997,0.566170575,0.292170752,0.576625433,0.001362311,0.011699745,2.52E-05,3.21E-05
40,1,0.05,1,1.15,0.3,200,2.25,0.015611921,0.243600656,0.415810152,0.289380917,0.725156806,0.002260778,0.014470047,4.48E-05,6.42E-05
40,1,0.05,1,1.15,0.3,200,3,0.020676599,0.150364139,0.318387301,0.287651977,0.820944815,0.003059197,0.016172899,7.09E-05,0.000102233
40,1,0.05,1,1.15,0.3,200,3.75,0.026130878,0.092860184,0.255752286,0.28657298,0.882160871,0.003747784,0.017218301,0.000104447,0.000144018
40,1,0.05,1,1.15,0.3,200,4.5,0.031288492,0.057902532,0.215642468,0.285885764,0.921027635,0.004347214,0.017864348,0.000145616,0.000188211
40,1,0.05,1,1.15,0.3,200,5.25,0.035636255,0.036667563,0.189882051,0.285433044,0.9456732,0.00488178,0.018269148,0.000193536,0.000233932
40,1,0.05,1,1.15,0.3,200,6,0.03899878,0.023609484,0.173176594,0.285121692,0.961352994,0.005371266,0.018527141,0.000246895,0.000280623
40,1,0.05,1,1.15,0.3,200,0.75,0.008371003,0.630886206,0.783572997,0.273750101,0.371381035,0.000560765,0.00759574,1.12E-05,1.06E-05
40,1,0.05,1,1.15,0.3,200,1.5,0.011670246,0.391304143,0.544292183,0.269109364,0.608614752,0.001570962,0.012221453,2.62E-05,3.74E-05
40,1,0.05,1,1.15,0.3,200,2.25,0.016013832,0.241364246,0.391815753,0.266267378,0.759066529,0.002564835,0.01504291,4.68E-05,7.43E-05
40,1,0.05,1,1.15,0.3,200,3,0.021191025,0.148960261,0.295070814,0.264515237,0.854046113,0.003425832,0.016767597,7.42E-05,0.000117623
40,1,0.05,1,1.15,0.3,200,3.75,0.026642051,0.092828303,0.233787605,0.263417435,0.913826705,0.004153423,0.017830182,0.000109426,0.000165055
40,1,0.05,1,1.15,0.3,200,4.5,0.031704196,0.058896727,0.194792867,0.262709503,0.951525093,0.004776601,0.018495228,0.000152312,0.00021505
40,1,0.05,1,1.15,0.3,200,5.25,0.035937595,0.038188282,0.169678281,0.262234663,0.975491414,0.005324926,0.018920439,0.000201941,0.000266666
40,1,0.05,1,1.15,0.3,200,6,0.039228859,0.025286915,0.153212317,0.261901575,0.99091209,0.005821243,0.019198475,0.000256992,0.000319318
40,1,0.05,1,1.15,0.3,200,0.75,0.010145626,0.517421758,0.76646601,0.28618366,0.433255765,0.000915643,0.009974094,1.91E-05,1.68E-05
40,1,0.05,1,1.15,0.3,200,1.5,0.015841429,0.266081009,0.513007877,0.281021459,0.683620256,0.002442155,0.01510766,4.77E-05,5.74E-05
40,1,0.05,1,1.15,0.3,200,2.25,0.023753106,0.129979878,0.370072877,0.278434026,0.823655449,0.003864964,0.017651684,9.11E-05,0.000111587
40,1,0.05,1,1.15,0.3,200,3,0.032322584,0.061505195,0.292957625,0.277158426,0.898262323,0.00508834,0.018865626,0.000152777,0.000173214
40,1,0.05,1,1.15,0.3,200,3.75,0.039220389,0.029082261,0.25305264,0.276508715,0.935948754,0.00616487,0.019436624,0.000231491,0.000238708
40,1,0.05,1,1.15,0.3,200,4.5,0.043605273,0.013963507,0.232739659,0.276146644,0.954215028,0.007154518,0.019707812,0.000322373,0.000306117
40,1,0.05,1,1.15,0.3,200,5.25,0.046020272,0.00680999,0.222262442,0.275917567,0.962740601,0.008096178,0.01983883,0.000420432,0.000374441
40,1,0.05,1,1.15,0.3,200,6,0.047241046,0.00336048,0.21663953,0.275751535,0.966464772,0.009011179,0.019903033,0.000522262,0.000443181
45,0.7,0.02,1,1.05,0.05,100,0.75,0.00247389,0.686675967,0.696972866,0.044648862,0.326724353,0.00119709,0.003685133,1.59E-06,1.73E-05
45,0.7,0.02,1,1.05,0.05,100,1.5,0.003228143,0.469389766,0.479107637,0.042308397,0.540223069,0.00335849,0.006023678,3.51E-06,6.10E-05
45,0.7,0.02,1,1.05,0.05,100,2.25,0.004163263,0.326865625,0.335080466,0.040765959,0.679978119,0.00546407,0.007563732,5.89E-06,0.000121994
45,0.7,0.02,1,1.05,0.05,100,3,0.005248111,0.233037792,0.23944605,0.039712856,0.772002375,0.007233014,0.008613888,8.84E-06,0.000194268
45,0.7,0.02,1,1.05,0.05,100,3.75,0.006422255,0.17079917,0.175357957,0.038967856,0.833184382,0.008646179,0.009355307,1.24E-05,0.000274024
45,0.7,0.02,1,1.05,0.05,100,4.5,0.007609945,0.129000149,0.131794747,0.038421501,0.874434078,0.009760556,0.009897423,1.67E-05,0.000358785
45,0.7,0.02,1,1.05,0.05,100,5.25,0.008744926,0.100440194,0.10162288,0.038006314,0.902753083,0.010642906,0.010307726,2.15E-05,0.000446948
45,0.7,0.02,1,1.05,0.05,100,6,0.009782186,0.080507575,0.080261445,0.037679969,0.922610114,0.011349847,0.010628591,2.70E-05,0.000537469
45,0.7,0.02,1,1.09,0.3,300,0.75,0.003087712,0.544873178,0.700317413,0.269803054,0.39126609,0.002110467,0.028408874,1.63E-05,2.86E-05
45,0.7,0.02,1,1.09,0.3,300,1.5,0.004741351,0.296632808,0.461479826,0.255182474,0.622997021,0.005628945,0.043006615,3.92E-05,9.83E-05
45,0.7,0.02,1,1.09,0.3,300,2.25,0.007240549,0.153881385,0.320429982,0.247690609,0.757505591,0.008852667,0.050464797,7.28E-05,0.000192126
45,0.7,0.02,1,1.09,0.3,300,3,0.010488913,0.075666066,0.239944787,0.243948132,0.832551898,0.011518302,0.054158097,0.000122018,0.000299744
45,0.7,0.02,1,1.09,0.3,300,3.75,0.013767292,0.035721541,0.196185491,0.242120541,0.871736508,0.013748094,0.055918593,0.000189113,0.000414846
45,0.7,0.02,1,1.09,0.3,300,4.5,0.016233354,0.016590802,0.17336514,0.241218772,0.89051842,0.01570788,0.056737595,0.00027188,0.000533713
45,0.7,0.02,1,1.09,0.3,300,5.25,0.017686886,0.007718038,0.16151729,0.240746358,0.898630547,0.017515443,0.057116807,0.000365082,0.00065431
45,0.7,0.02,1,1.09,0.3,300,6,0.018406956,0.003621287,0.155056503,0.240470754,0.90152624,0.019237343,0.057293575,0.000463918,0.000775605
45,0.7,0.06,1,1.05,0.3,300,0.75,0.014213698,0.274881236,0.313472718,0.289851379,0.684867206,0.002033408,0.017979671,5.18E-05,4.70E-05
45,0.7,0.06,1,1.05,0.3,300,1.5,0.02681328,0.097055121,0.126644324,0.284480238,0.868487189,0.00359272,0.02324355,0.00015908,0.000136798
45,0.7,0.06,1,1.05,0.3,300,2.25,0.036785071,0.04696231,0.067691486,0.282212245,0.925692766,0.00441545,0.025344793,0.000325829,0.0002386
45,0.7,0.06,1,1.05,0.3,300,3,0.042730266,0.028555837,0.043759459,0.280875999,0.948510408,0.004919672,0.026474848,0.00053202,0.00034454
45,0.7,0.06,1,1.05,0.3,300,3.75,0.046229451,0.019849268,0.031705656,0.279914493,0.959753231,0.005271282,0.027207381,0.000760994,0.0004523
45,0.7,0.06,1,1.05,0.3,300,4.5,0.048394373,0.01495359,0.024664983,0.279143095,0.966151958,0.005537895,0.02773635,0.001003422,0.000561021
45,0.7,0.06,1,1.05,0.3,300,5.25,0.049798254,0.011865819,0.020117148,0.278484152,0.970163239,0.005751525,0.028144545,0.00125417,0.000670314
45,0.7,0.06,1,1.05,0.3,300,6,0.050738832,0.009758066,0.016964041,0.277898947,0.972850993,0.005929369,0.028473681,0.001510239,0.00077998
45,0.7,0.06,1,1.09,0.05,100,0.75,0.026306829,0.117312294,0.258653897,0.047993709,0.782113575,0.003804525,0.003745256,2.38E-05,9.21E-05
45,0.7,0.06,1,1.09,0.05,100,1.5,0.049564682,0.018665105,0.134571947,0.047451807,0.900847551,0.006400177,0.00422558,8.54E-05,0.000248814
45,0.7,0.06,1,1.09,0.05,100,2.25,0.057292371,0.00426985,0.110590013,0.047279072,0.920937007,0.008263104,0.004313916,0.000169769,0.000415439
45,0.7,0.06,1,1.09,0.05,100,3,0.059268546,0.001119064,0.103719235,0.047166847,0.924290254,0.009937681,0.004335408,0.000260502,0.000583815
45,0.7,0.06,1,1.09,0.05,100,3.75,0.059732868,0.000308886,0.100752349,0.047068921,0.923876631,0.011543652,0.004341164,0.000352672,0.000752381
45,0.7,0.06,1,1.09,0.05,100,4.5,0.059794187,8.77E-05,0.098811802,0.046974992,0.922514055,0.013111021,0.00434277,0.000444995,0.000920767
45,0.7,0.06,1,1.09,0.05,100,5.25,0.059745388,2.55E-05,0.097169543,0.0468824,0.920913915,0.014648165,0.004343229,0.000537127,0.001088877
45,0.7,0.06,1,1.09,0.05,100,6,0.059666043,7.55E-06,0.09562959,0.046790418,0.9192668,0.016157793,0.004343364,0.000628975,0.00125669
45,1.1,0.02,1,1.05,0.3,100,0.75,0.002951345,0.852893367,0.966037007,0.307498662,0.139678216,0.000195302,0.008459981,4.28E-06,3.61E-06
45,1.1,0.02,1,1.05,0.3,100,1.5,0.003307785,0.725987539,0.845305886,0.300470089,0.259422653,0.000683565,0.015483973,8.86E-06,1.38E-05
45,1.1,0.02,1,1.05,0.3,100,2.25,0.003708661,0.61760338,0.741700929,0.294614491,0.36168093,0.00134903,0.021334543,1.39E-05,2.95E-05
45,1.1,0.02,1,1.05,0.3,100,3,0.004156537,0.525089859,0.652856765,0.289723076,0.448978344,0.002112141,0.026220423,1.94E-05,5.00E-05
45,1.1,0.02,1,1.05,0.3,100,3.75,0.004653678,0.446175835,0.576721419,0.285627982,0.523474958,0.002919203,0.03030941,2.55E-05,7.47E-05
45,1.1,0.02,1,1.05,0.3,100,4.5,0.005201471,0.378915101,0.511518574,0.282193151,0.587018387,0.003734869,0.0337375,3.23E-05,0.000102735
45,1.1,0.02,1,1.05,0.3,100,5.25,0.005798053,0.321635649,0.455711495,0.279307498,0.641190787,0.004536684,0.036615711,3.97E-05,0.000133786
45,1.1,0.02,1,1.05,0.3,100,6,0.006441719,0.272904455,0.407973457,0.276879788,0.687346285,0.005311164,0.039035217,4.79E-05,0.000167365
45,1.1,0.02,1,1.09,0.05,300,0.75,0.003103356,0.804664059,0.970790151,0.046114949,0.164367637,0.000343457,0.001832416,1.01E-06,6.00E-06
45,1.1,0.02,1,1.09,0.05,300,1.5,0.003548393,0.665844402,0.832155759,0.044649887,0.301320215,0.001176015,0.003296377,2.12E-06,2.27E-05
45,1.1,0.02,1,1.09,0.05,300,2.25,0.004057282,0.550346767,0.71622427,0.043473139,0.415027592,0.002275282,0.004471902,3.34E-06,4.83E-05
45,1.1,0.02,1,1.09,0.05,300,3,0.004634321,0.454373756,0.619397153,0.042524093,0.509374993,0.003498665,0.005419583,4.70E-06,8.12E-05
45,1.1,0.02,1,1.09,0.05,300,3.75,0.005280089,0.374734216,0.538618095,0.041756164,0.587597728,0.004757294,0.006185987,6.23E-06,0.000120295
45,1.1,0.02,1,1.09,0.05,300,4.5,0.005994366,0.308750466,0.471298947,0.04113311,0.652391222,0.005998056,0.006807334,7.94E-06,0.000164427
45,1.1,0.02,1,1.09,0.05,300,5.25,0.006772206,0.254172334,0.415252578,0.040626451,0.706002777,0.007191299,0.007312086,9.84E-06,0.000212754
45,1.1,0.02,1,1.09,0.05,300,6,0.007605306,0.209108905,0.368633469,0.040213606,0.750307737,0.008322475,0.007722808,1.20E-05,0.00026455
45,1.1,0.06,1,1.05,0.05,300,0.75,0.014007819,0.502563518,0.614090284,0.047541081,0.448196786,0.000953201,0.001970251,5.35E-06,2.22E-05
45,1.1,0.06,1,1.05,0.05,300,1.5,0.020980322,0.272987889,0.377142501,0.046512925,0.68226883,0.002365221,0.002990514,1.32E-05,7.39E-05
45,1.1,0.06,1,1.05,0.05,300,2.25,0.028913943,0.155544947,0.251129406,0.045946028,0.80585253,0.003546344,0.003546258,2.44E-05,0.000141017
45,1.1,0.06,1,1.05,0.05,300,3,0.036384501,0.094357734,0.1818573,0.045609081,0.873204703,0.004468606,0.003868694,3.89E-05,0.000216426
45,1.1,0.06,1,1.05,0.05,300,3.75,0.042525125,0.060961248,0.141767307,0.045391395,0.911743314,0.005204294,0.00406894,5.64E-05,0.000296433
45,1.1,0.06,1,1.05,0.05,300,4.5,0.047218942,0.041540913,0.117154796,0.045239435,0.935051454,0.005815127,0.004201157,7.61E-05,0.000379138
45,1.1,0.06,1,1.05,0.05,300,5.25,0.050713155,0.029508419,0.101171515,0.045126276,0.949896761,0.006341926,0.004292849,9.76E-05,0.000463514
45,1.1,0.06,1,1.05,0.05,300,6,0.053304376,0.021630799,0.090277291,0.045037528,0.959768216,0.006810578,0.004358858,0.000120299,0.000548978
45,1.1,0.06,1,1.09,0.3,100,0.75,0.01375958,0.503923397,0.723064043,0.296815119,0.424250324,0.000719415,0.008478448,2.27E-05,1.53E-05
45,1.1,0.06,1,1.09,0.3,100,1.5,0.021023859,0.264805954,0.479889433,0.292359658,0.665026705,0.001900175,0.012900114,5.65E-05,5.20E-05
45,1.1,0.06,1,1.09,0.3,100,2.25,0.030305146,0.136893382,0.343834929,0.290033239,0.798857196,0.002987808,0.015176818,0.000106212,0.000100719
45,1.1,0.06,1,1.09,0.3,100,3,0.039735989,0.071272714,0.268960528,0.288794395,0.871824332,0.00391375,0.016347766,0.000174108,0.000156098
45,1.1,0.06,1,1.09,0.3,100,3.75,0.047380913,0.038116725,0.227885874,0.288095716,0.911232599,0.004717456,0.016962089,0.000258465,0.000215073
45,1.1,0.06,1,1.09,0.3,100,4.5,0.052662675,0.021018929,0.20501631,0.287666547,0.93258938,0.005443388,0.017294635,0.000355087,0.000275993
45,1.1,0.06,1,1.09,0.3,100,5.25,0.055992362,0.011882087,0.19195173,0.28737653,0.944234573,0.006122094,0.017479971,0.000459768,0.000337968
45,1.1,0.06,1,1.09,0.3,100,6,0.057986097,0.006836054,0.184257902,0.287161342,0.950565795,0.006772121,0.017585549,0.000569378,0.00040052
65,0.7,0.02,1,1.05,0.05,300,0.75,0.004978604,0.32986648,0.411502672,0.033764705,0.609340291,0.012039787,0.017136824,1.67E-05,0.000192431
65,0.7,0.02,1,1.05,0.05,300,1.5,0.009215392,0.121821085,0.19224357,0.029217288,0.805269231,0.023511569,0.021657963,4.29E-05,0.00057903
65,0.7,0.02,1,1.05,0.05,300,2.25,0.013295044,0.052017349,0.112921642,0.027580293,0.870146075,0.030509355,0.023256084,8.18E-05,0.001028541
65,0.7,0.02,1,1.05,0.05,300,3,0.016025924,0.02575668,0.079847204,0.026832534,0.893283028,0.035242625,0.023955154,0.000130496,0.001499484
65,0.7,0.02,1,1.05,0.05,300,3.75,0.017610669,0.014241716,0.063432992,0.026420924,0.901984387,0.038859651,0.02431222,0.000185039,0.001978287
65,0.7,0.02,1,1.05,0.05,300,4.5,0.018506307,0.008497954,0.053940948,0.026160928,0.905000362,0.04185683,0.024514486,0.00024277,0.002459997
65,0.7,0.02,1,1.05,0.05,300,5.25,0.019014466,0.005352314,0.047742443,0.025978655,0.905500012,0.044464977,0.024637342,0.000302186,0.002942559
65,0.7,0.02,1,1.05,0.05,300,6,0.01930277,0.003510586,0.043292644,0.025839949,0.9047915,0.046802898,0.024715772,0.000362462,0.003425028
65,0.7,0.02,1,1.09,0.3,100,0.75,0.005553863,0.272100439,0.464802099,0.221690944,0.581187686,0.010715171,0.08654981,9.52E-05,0.000161185
65,0.7,0.02,1,1.09,0.3,100,1.5,0.011969584,0.063689065,0.256868833,0.202871218,0.765692295,0.022266253,0.105182128,0.000282601,0.000487679
65,0.7,0.02,1,1.09,0.3,100,2.25,0.016958106,0.013122222,0.196231207,0.198688319,0.808666166,0.030911129,0.109054885,0.000592743,0.000861682
65,0.7,0.02,1,1.09,0.3,100,3,0.01831284,0.002794338,0.177513851,0.197528099,0.812087057,0.038367991,0.109846057,0.000961791,0.001244422
65,0.7,0.02,1,1.09,0.3,100,3.75,0.018333058,0.000640013,0.168208948,0.196977035,0.807162043,0.045292016,0.110018422,0.001340491,0.001626289
65,0.7,0.02,1,1.09,0.3,100,4.5,0.018048822,0.000157927,0.161120781,0.196562193,0.800758046,0.051848552,0.110058952,0.001714802,0.002005381
65,0.7,0.02,1,1.09,0.3,100,5.25,0.017703373,4.17E-05,0.154753615,0.196184989,0.794269708,0.058088289,0.110069224,0.002081735,0.002381412
65,0.7,0.02,1,1.09,0.3,100,6,0.017349751,1.18E-05,0.148772933,0.195823161,0.787981098,0.064036427,0.110072005,0.002440782,0.002754426
65,0.7,0.06,1,1.05,0.3,100,0.75,0.032603793,0.076728103,0.145550362,0.255691477,0.842249146,0.007728984,0.046223889,0.000414733,0.000239315
65,0.7,0.06,1,1.05,0.3,100,1.5,0.049304748,0.015951806,0.068213616,0.250157086,0.912180683,0.011251688,0.05082269,0.001350324,0.000599114
65,0.7,0.06,1,1.05,0.3,100,2.25,0.053430842,0.005436785,0.05140968,0.247841516,0.924139413,0.013488044,0.052017242,0.002471342,0.00097161
65,0.7,0.06,1,1.05,0.3,100,3,0.054090691,0.002214054,0.044964053,0.246244341,0.926515517,0.01533533,0.052457949,0.00362781,0.001346562
65,0.7,0.06,1,1.05,0.3,100,3.75,0.053654458,0.00098384,0.041537828,0.244908345,0.926230173,0.017003476,0.052643898,0.004777856,0.001721838
65,0.7,0.06,1,1.05,0.3,100,4.5,0.052827012,0.000462128,0.039238656,0.243693992,0.925035976,0.018562688,0.052728227,0.00590788,0.002096783
65,0.7,0.06,1,1.05,0.3,100,5.25,0.051856896,0.00022645,0.037429172,0.242548458,0.923513543,0.020041455,0.052768417,0.007013225,0.002471167
65,0.7,0.06,1,1.05,0.3,100,6,0.050840562,0.000115002,0.035863039,0.241449269,0.921882596,0.021453124,0.052788337,0.008092494,0.002844907
65,0.7,0.06,1,1.09,0.05,300,0.75,0.043459528,0.039793899,0.088912529,0.03648325,0.927250426,0.015856531,0.012585215,0.000203708,0.000593562
65,0.7,0.06,1,1.09,0.05,300,1.5,0.054690623,0.009539956,0.042596725,0.035264566,0.962191524,0.021146466,0.013424141,0.000583465,0.001388398
65,0.7,0.06,1,1.09,0.05,300,2.25,0.057228287,0.003820393,0.030915874,0.034598805,0.966536048,0.024411228,0.01367759,0.000995776,0.002195202
65,0.7,0.06,1,1.09,0.05,300,3,0.057896826,0.001857361,0.025432384,0.034073462,0.966119486,0.026957264,0.01378732,0.001411389,0.003003181
65,0.7,0.06,1,1.09,0.05,300,3.75,0.057965562,0.001006454,0.022005054,0.033606147,0.964437503,0.029108421,0.013842713,0.001823312,0.00381018
65,0.7,0.06,1,1.09,0.05,300,4.5,0.057797966,0.000587522,0.01949662,0.03316949,0.962376925,0.030990226,0.013873395,0.002229287,0.004615582
65,0.7,0.06,1,1.09,0.05,300,5.25,0.057526484,0.000363229,0.017488009,0.032752096,0.96023241,0.032664973,0.013891565,0.002628511,0.005419214
65,0.7,0.06,1,1.09,0.05,300,6,0.05720687,0.000235557,0.01579467,0.032348533,0.958115077,0.034169386,0.013902913,0.003020726,0.00622106
65,1.1,0.02,1,1.05,0.3,300,0.75,0.005064721,0.506800492,0.697936064,0.228127959,0.343437811,0.004911404,0.074342921,7.59E-05,8.63E-05
65,1.1,0.02,1,1.05,0.3,300,1.5,0.007518396,0.273499166,0.486096972,0.195612754,0.538242644,0.013324867,0.106765209,0.000168769,0.000293671
65,1.1,0.02,1,1.05,0.3,300,2.25,0.010420619,0.145398084,0.362311966,0.180067343,0.645574786,0.02141374,0.122191501,0.000287888,0.000568789
65,1.1,0.02,1,1.05,0.3,300,3,0.013218405,0.076743103,0.291268289,0.172256409,0.702097012,0.02851858,0.129853933,0.00043639,0.00088056
65,1.1,0.02,1,1.05,0.3,300,3.75,0.0153846,0.040690304,0.250516256,0.168169507,0.729975401,0.034790124,0.133766636,0.000610588,0.001211115
65,1.1,0.02,1,1.05,0.3,300,4.5,0.016773688,0.021861519,0.226466498,0.165930105,0.742312035,0.040476965,0.135813815,0.000802811,0.001550558
65,1.1,0.02,1,1.05,0.3,300,5.25,0.017535446,0.011948543,0.211399939,0.164630882,0.746464346,0.045762571,0.136910317,0.001005533,0.001893594
65,1.1,0.02,1,1.05,0.3,300,6,0.017885518,0.00665037,0.201146887,0.163822725,0.74637873,0.050759972,0.137510693,0.001213314,0.002237459
65,1.1,0.02,1,1.09,0.05,100,0.75,0.004064032,0.67272561,0.813964017,0.040401666,0.312928362,0.002778121,0.008017691,5.95E-06,4.60E-05
65,1.1,0.02,1,1.09,0.05,100,1.5,0.005333655,0.45594209,0.595240064,0.035739549,0.520896651,0.008097584,0.012673076,1.27E-05,0.000162692
65,1.1,0.02,1,1.09,0.05,100,2.25,0.006849839,0.310975968,0.446046994,0.032878609,0.658814228,0.013653482,0.015526113,2.06E-05,0.000326388
65,1.1,0.02,1,1.09,0.05,100,3,0.008537256,0.214155073,0.344312217,0.031048146,0.750277639,0.018691748,0.017347246,2.99E-05,0.000521223
65,1.1,0.02,1,1.09,0.05,100,3.75,0.01027946,0.14937144,0.27460231,0.029835752,0.811022703,0.023066422,0.018548743,4.08E-05,0.000736719
65,1.1,0.02,1,1.09,0.05,100,4.5,0.011953437,0.105763765,0.226349986,0.02900765,0.851498091,0.026840271,0.019364383,5.33E-05,0.000965956
65,1.1,0.02,1,1.09,0.05,100,5.25,0.013463677,0.076101656,0.192445494,0.02842576,0.878591773,0.03012647,0.019932356,6.72E-05,0.001204369
65,1.1,0.02,1,1.09,0.05,100,6,0.014760613,0.055639645,0.168169775,0.028005944,0.896810499,0.033032683,0.020336984,8.24E-05,0.001448936
65,1.1,0.06,1,1.05,0.05,100,0.75,0.022720587,0.276778226,0.339869153,0.04316733,0.660394166,0.005659261,0.008457439,4.30E-05,0.000159342
65,1.1,0.06,1,1.05,0.05,100,1.5,0.036150115,0.109978085,0.157308584,0.040617332,0.833183986,0.010394228,0.010934471,0.000115946,0.000460158
65,1.1,0.06,1,1.05,0.05,100,2.25,0.044730753,0.057708644,0.09458124,0.039450692,0.889867177,0.013245833,0.012004961,0.000212096,0.0008011
65,1.1,0.06,1,1.05,0.05,100,3,0.049643865,0.03604455,0.066551857,0.038743317,0.913658466,0.015187082,0.012603184,0.000321248,0.001156697
65,1.1,0.06,1,1.05,0.05,100,3.75,0.052570043,0.024982313,0.051374527,0.038239429,0.925552538,0.016647573,0.012990917,0.000437404,0.001518972
65,1.1,0.06,1,1.05,0.05,100,4.5,0.054418094,0.01849691,0.042022487,0.037844743,0.932192444,0.017820741,0.013265551,0.000557456,0.00188477
65,1.1,0.06,1,1.05,0.05,100,5.25,0.055643526,0.014323254,0.035722769,0.03751644,0.936155559,0.018805126,0.01347158,0.000679729,0.002252602
65,1.1,0.06,1,1.05,0.05,100,6,0.056485689,0.011454637,0.031197892,0.03723207,0.93860855,0.019656535,0.013632421,0.000803258,0.002621671
65,1.1,0.06,1,1.09,0.3,300,0.75,0.032528983,0.148110487,0.350840211,0.2453717,0.765826943,0.010280468,0.058197764,0.000453042,0.000265117
65,1.1,0.06,1,1.09,0.3,300,1.5,0.05165197,0.027411025,0.209795023,0.236249083,0.889333789,0.018821578,0.066418258,0.001355164,0.000721239
65,1.1,0.06,1,1.09,0.3,300,2.25,0.056908067,0.006435219,0.177423971,0.233493682,0.907893962,0.025483815,0.068057503,0.002471321,0.001207644
65,1.1,0.06,1,1.09,0.3,300,3,0.057393471,0.001704679,0.165436614,0.231937602,0.907352439,0.031503276,0.068459567,0.003625337,0.001697601
65,1.1,0.06,1,1.09,0.3,300,3.75,0.056681131,0.000486736,0.158218108,0.230686138,0.902722802,0.037183201,0.06856881,0.004767558,0.002185895
65,1.1,0.06,1,1.09,0.3,300,4.5,0.055681151,0.000147701,0.152368736,0.229535719,0.897239636,0.042606718,0.068600619,0.005886167,0.002671399
65,1.1,0.06,1,1.09,0.3,300,5.25,0.054623115,4.73E-05,0.147046382,0.228433314,0.891684962,0.047803977,0.068610439,0.006978752,0.00315391
65,1.1,0.06,1,1.09,0.3,300,6,0.05356721,1.59E-05,0.142020463,0.227363592,0.886257167,0.052791061,0.068613641,0.008045272,0.003633454
55,0.9,0.04,1,1.07,0.2,200,0.75,0.011095539,0.32799425,0.515425481,0.173643251,0.597295444,0.004459362,0.024208361,5.44E-05,8.38E-05
55,0.9,0.04,1,1.07,0.2,200,1.5,0.02093825,0.10659788,0.286408543,0.166092757,0.815886337,0.00958464,0.031657319,0.000155936,0.00025933
55,0.9,0.04,1,1.07,0.2,200,2.25,0.030163194,0.035013592,0.203942328,0.16358833,0.890469946,0.013421896,0.033999668,0.000318014,0.000467425
55,0.9,0.04,1,1.07,0.2,200,3,0.035123595,0.012264305,0.173643214,0.162602625,0.914219078,0.016587433,0.034780577,0.00052281,0.000686332
55,0.9,0.04,1,1.07,0.2,200,3.75,0.037092947,0.004533082,0.1611254,0.162099372,0.920770903,0.019459325,0.035059529,0.000747111,0.000908538
55,0.9,0.04,1,1.07,0.2,200,4.5,0.037722648,0.001736793,0.154844737,0.161763726,0.921372571,0.022187348,0.035164028,0.000978258,0.001131486
55,0.9,0.04,1,1.07,0.2,200,5.25,0.037823282,0.000683084,0.150857536,0.161490589,0.919855845,0.024827914,0.035204451,0.001210972,0.001354282
55,0.9,0.04,1,1.07,0.2,200,6,0.037721178,0.000274612,0.147759965,0.161242327,0.91758112,0.027402901,0.035220473,0.001443211,0.001576602
55,0.9,0.04,1,1.07,0.2,200,0.75,0.00899336,0.413360991,0.511872781,0.177948617,0.546889885,0.0035155,0.024605963,4.26E-05,6.85E-05
55,0.9,0.04,1,1.07,0.2,200,1.5,0.015329782,0.17917697,0.276581868,0.168368805,0.773610929,0.007726406,0.034116086,0.00011226,0.00021651
55,0.9,0.04,1,1.07,0.2,200,2.25,0.022195915,0.083517808,0.174998587,0.164190026,0.868960294,0.010752782,0.038189671,0.000217454,0.000397673
55,0.9,0.04,1,1.07,0.2,200,3,0.02762867,0.042685942,0.128311377,0.162112093,0.911001978,0.012977877,0.040129891,0.000355167,0.000593008
55,0.9,0.04,1,1.07,0.2,200,3.75,0.031202415,0.02362154,0.10474965,0.160932152,0.930798097,0.0147598,0.041149033,0.000515967,0.000794772
55,0.9,0.04,1,1.07,0.2,200,4.5,0.03337294,0.013843306,0.091669798,0.160180628,0.94060846,0.016292111,0.041725404,0.00069112,0.000999638
55,0.9,0.04,1,1.07,0.2,200,5.25,0.03464299,0.008440555,0.083773813,0.159654079,0.945532747,0.01767475,0.042068406,0.000874667,0.001206057
55,0.9,0.04,1,1.07,0.2,200,6,0.035359839,0.005291636,0.078644608,0.159254456,0.947881601,0.018961332,0.042279791,0.001062905,0.001413244
55,0.9,0.04,1,1.07,0.2,200,0.75,0.009246743,0.410158692,0.486748851,0.161416189,0.580504061,0.004163927,0.026109871,4.53E-05,8.21E-05
55,0.9,0.04,1,1.07,0.2,200,1.5,0.015813234,0.17625716,0.251217362,0.151662479,0.806525192,0.008832108,0.035789083,0.0001198,0.000256054
55,0.9,0.04,1,1.07,0.2,200,2.25,0.022553558,0.084452323,0.153535645,0.147395856,0.897634448,0.012013253,0.039944689,0.000230818,0.000466226
55,0.9,0.04,1,1.07,0.2,200,3,0.027691852,0.045483802,0.109091658,0.14519885,0.937355833,0.01426195,0.041998954,0.000373558,0.000691433
55,0.9,0.04,1,1.07,0.2,200,3.75,0.031073693,0.026874523,0.086337993,0.143891412,0.956396321,0.016002518,0.043141685,0.000538265,0.000923473
55,0.9,0.04,1,1.07,0.2,200,4.5,0.033193964,0.016946702,0.073352694,0.143021108,0.966245166,0.017453027,0.043833488,0.000716766,0.001158909
55,0.9,0.04,1,1.07,0.2,200,5.25,0.034506108,0.011178348,0.065256853,0.142390531,0.971559429,0.0187252,0.044277192,0.00090364,0.001396141
55,0.9,0.04,1,1.07,0.2,200,6,0.035308336,0.007612633,0.05983855,0.141902526,0.97443019,0.019879869,0.044573348,0.001095488,0.001634346
55,0.9,0.04,1,1.07,0.2,200,0.75,0.012861121,0.271503904,0.442313085,0.16332818,0.661507401,0.007011823,0.034033637,8.94E-05,0.000138243
55,0.9,0.04,1,1.07,0.2,200,1.5,0.024585153,0.074489255,0.234760638,0.154847906,0.854902762,0.013954302,0.04233813,0.000265184,0.00041037
55,0.9,0.04,1,1.07,0.2,200,2.25,0.032878961,0.022369831,0.171382173,0.15231539,0.90804472,0.018917426,0.044603334,0.000532495,0.000720628
55,0.9,0.04,1,1.07,0.2,200,3,0.036276929,0.007452273,0.149323602,0.151296348,0.921521653,0.023048,0.04530662,0.000848252,0.001041118
55,0.9,0.04,1,1.07,0.2,200,3.75,0.037321003,0.002653885,0.139614091,0.150723584,0.923359129,0.02682263,0.045546792,0.001180843,0.001363893
55,0.9,0.04,1,1.07,0.2,200,4.5,0.037484612,0.000988578,0.133954714,0.150300344,0.92153358,0.030403763,0.045633748,0.001517127,0.001686552
55,0.9,0.04,1,1.07,0.2,200,5.25,0.037333199,0.000381317,0.129751014,0.149932321,0.918524657,0.033849188,0.045666546,0.001852353,0.002008328
55,0.9,0.04,1,1.07,0.2,200,6,0.037070294,0.000151687,0.126132096,0.149587026,0.915157939,0.037181682,0.045679344,0.00218485,0.002328975
35,0.7,0.07,1,1.04,0.05,100,0.75,0.01148611,0.418896701,0.457327088,0.047375225,0.557840887,0.000578032,0.000958268,2.09E-06,1.22E-05
35,0.7,0.07,1,1.04,0.05,100,1.5,0.019411874,0.193418363,0.223690737,0.04695527,0.790160448,0.001223193,0.001374702,5.61E-06,3.87E-05
35,0.7,0.07,1,1.04,0.05,100,2.25,0.028577125,0.10208485,0.122975331,0.046748021,0.890017691,0.001636047,0.001576433,1.11E-05,7.11E-05
35,0.7,0.07,1,1.04,0.05,100,3,0.036429684,0.06300335,0.075887599,0.046626563,0.93654999,0.00189621,0.001690406,1.86E-05,0.000106249
35,0.7,0.07,1,1.04,0.05,100,3.75,0.042171082,0.044240994,0.051275346,0.046542771,0.960777339,0.002070459,0.001765178,2.76E-05,0.000142655
35,0.7,0.07,1,1.04,0.05,100,4.5,0.046195052,0.034027581,0.036958722,0.04647777,0.9748088,0.002194483,0.001820069,3.77E-05,0.00017977
35,0.7,0.07,1,1.04,0.05,100,5.25,0.049047551,0.027861037,0.027879804,0.046423364,0.983665098,0.00228702,0.001863604,4.86E-05,0.000217314
35,0.7,0.07,1,1.04,0.05,100,6,0.051120019,0.023829099,0.021728899,0.046375536,0.989635181,0.00235852,0.001900018,6.00E-05,0.000255137
35,0.7,0.07,1,1.12,0.15,300,0.75,0.01665428,0.269348798,0.466539997,0.145822453,0.657483624,0.000975478,0.003280613,1.11E-05,1.90E-05
35,0.7,0.07,1,1.12,0.15,300,1.5,0.037201443,0.066033423,0.242511937,0.144921447,0.87944131,0.001991158,0.004156195,3.65E-05,5.80E-05
35,0.7,0.07,1,1.12,0.15,300,2.25,0.055860856,0.017276873,0.174538727,0.14466137,0.94591825,0.002716572,0.004370316,8.24E-05,0.000103455
35,0.7,0.07,1,1.12,0.15,300,3,0.064075435,0.005313086,0.153753142,0.144542749,0.965439429,0.00332511,0.004430286,0.000141088,0.000150785
35,0.7,0.07,1,1.12,0.15,300,3.75,0.066993889,0.001767681,0.146676786,0.144460016,0.971331807,0.003893153,0.004449426,0.000204681,0.000198677
35,0.7,0.07,1,1.12,0.15,300,4.5,0.067969789,0.000607009,0.143928588,0.144388273,0.972926334,0.004445959,0.004455888,0.000269963,0.000246735
35,0.7,0.07,1,1.12,0.15,300,5.25,0.06826648,0.000211417,0.14262673,0.144320233,0.973088097,0.004991959,0.00445812,0.00033577,0.00029483
35,0.7,0.07,1,1.12,0.15,300,6,0.068327133,7.42E-05,0.141821629,0.144253524,0.972760952,0.005534038,0.0044589,0.0004017,0.000342919
35,0.7,0.15,1,1.04,0.15,300,0.75,0.053027232,0.132482468,0.195895972,0.151860932,0.795689306,0.000649543,0.00205366,2.68E-05,2.22E-05
35,0.7,0.15,1,1.04,0.15,300,1.5,0.090271709,0.044233051,0.070396464,0.151404517,0.920478219,0.000986194,0.002447386,8.95E-05,5.95E-05
35,0.7,0.15,1,1.04,0.15,300,2.25,0.106404994,0.026348234,0.036312818,0.151144291,0.954206766,0.001143681,0.00262347,0.000173672,9.96E-05
35,0.7,0.15,1,1.04,0.15,300,3,0.114043768,0.019711346,0.021971657,0.150932487,0.96832616,0.001234033,0.0027418,0.000267147,0.000140689
35,0.7,0.15,1,1.04,0.15,300,3.75,0.118237777,0.016422782,0.014426944,0.150740698,0.975714119,0.00129166,0.002835437,0.000365298,0.00018219
35,0.7,0.15,1,1.04,0.15,300,4.5,0.12077326,0.014526491,0.009935816,0.150559475,0.980085506,0.001330659,0.002915871,0.000466088,0.000223934
35,0.7,0.15,1,1.04,0.15,300,5.25,0.122402248,0.013329953,0.007052985,0.150384631,0.9828717,0.001358031,0.002988327,0.000568476,0.000265827
35,0.7,0.15,1,1.04,0.15,300,6,0.123489393,0.012529702,0.005109775,0.150213978,0.984733566,0.001377707,0.003055584,0.000671871,0.000307818
35,0.7,0.15,1,1.12,0.05,100,0.75,0.10721623,0.031341925,0.210634405,0.051054816,0.864283463,0.001184508,0.000681168,2.68E-05,3.87E-05
35,0.7,0.15,1,1.12,0.05,100,1.5,0.142956504,0.004070507,0.146806319,0.05095888,0.926471058,0.001975951,0.000716661,8.72E-05,9.63E-05
35,0.7,0.15,1,1.12,0.05,100,2.25,0.149051228,0.000780192,0.136677708,0.0508853,0.935178069,0.002657112,0.000722245,0.000155212,0.000155599
35,0.7,0.15,1,1.12,0.05,100,3,0.150205135,0.000160991,0.134178105,0.05081492,0.936301486,0.003315443,0.000723353,0.000224484,0.000215124
35,0.7,0.15,1,1.12,0.05,100,3.75,0.150388868,3.38E-05,0.133147196,0.05074526,0.935971268,0.003966237,0.000723583,0.000293914,0.000274662
35,0.7,0.15,1,1.12,0.05,100,4.5,0.150373144,7.39E-06,0.13242085,0.05067585,0.935345424,0.00461258,0.000723632,0.000363275,0.000334167
35,0.7,0.15,1,1.12,0.05,100,5.25,0.150315,1.54E-06,0.13176135,0.050606593,0.934660356,0.005255133,0.000723642,0.000432522,0.00039363
35,0.7,0.15,1,1.12,0.05,100,6,0.150248357,3.16E-07,0.131118728,0.050537468,0.933965718,0.005894053,0.000723644,0.000501645,0.000453049
35,0.9,0.07,1,1.04,0.15,100,0.75,0.011279339,0.570231726,0.707331944,0.15623219,0.387738079,0.000249926,0.00174564,3.63E-06,5.18E-06
35,0.9,0.07,1,1.04,0.15,100,1.5,0.016190781,0.336728038,0.469511336,0.155202005,0.624694636,0.00067555,0.002770805,8.65E-06,1.80E-05
35,0.9,0.07,1,1.04,0.15,100,2.25,0.022818636,0.198705819,0.325060033,0.154593413,0.76833734,0.001071136,0.00337228,1.58E-05,3.54E-05
35,0.9,0.07,1,1.04,0.15,100,3,0.030666352,0.118888029,0.237413372,0.154228099,0.855309934,0.001398053,0.003727818,2.55E-05,5.56E-05
35,0.9,0.07,1,1.04,0.15,100,3.75,0.038628009,0.073372752,0.183872293,0.154000328,0.908295991,0.001664599,0.003942904,3.82E-05,7.76E-05
35,0.9,0.07,1,1.04,0.15,100,4.5,0.045672017,0.047177083,0.150529866,0.15384983,0.941170682,0.00188698,0.004077968,5.37E-05,0.000100551
35,0.9,0.07,1,1.04,0.15,100,5.25,0.051356867,0.031591817,0.129138689,0.153743623,0.962154689,0.002078751,0.004166427,7.14E-05,0.00012418
35,0.9,0.07,1,1.04,0.15,100,6,0.055725826,0.02189629,0.114944157,0.153663859,0.975983809,0.00224943,0.004226625,9.10E-05,0.000148234
35,0.9,0.07,1,1.12,0.05,300,0.75,0.012909833,0.481863014,0.716638823,0.047270257,0.449633944,0.000415909,0.000676442,1.68E-06,8.07E-06
35,0.9,0.07,1,1.12,0.05,300,1.5,0.020808425,0.236191601,0.462739646,0.046929098,0.702183531,0.001081025,0.001014993,4.29E-06,2.74E-05
35,0.9,0.07,1,1.12,0.05,300,2.25,0.032226264,0.109810174,0.324502352,0.046763989,0.839205437,0.001675921,0.001175983,8.41E-06,5.30E-05
35,0.9,0.07,1,1.12,0.05,300,3,0.044527527,0.050456101,0.252418478,0.046684036,0.910267487,0.002172377,0.001249917,1.44E-05,8.19E-05
35,0.9,0.07,1,1.12,0.05,300,3.75,0.054136797,0.023954221,0.21590462,0.046641944,0.945892155,0.00260167,0.001284256,2.22E-05,0.000112538
35,0.9,0.07,1,1.12,0.05,300,4.5,0.060201934,0.011850184,0.197352158,0.046616383,0.963631331,0.002992589,0.001300851,3.11E-05,0.000143986
35,0.9,0.07,1,1.12,0.05,300,5.25,0.063660639,0.006040927,0.187712815,0.04659837,0.972498773,0.003362605,0.001309176,4.08E-05,0.000175855
35,0.9,0.07,1,1.12,0.05,300,6,0.065549755,0.003136773,0.182555131,0.046583998,0.976907172,0.003721208,0.001313456,5.09E-05,0.000207934
35,0.9,0.15,1,1.04,0.05,300,0.75,0.055062711,0.185872491,0.338625915,0.048942119,0.714311748,0.00056256,0.000567234,7.33E-06,1.75E-05
35,0.9,0.15,1,1.04,0.05,300,1.5,0.099049221,0.054680758,0.163098808,0.048795036,0.888879011,0.001026144,0.000698136,2.35E-05,5.01E-05
35,0.9,0.15,1,1.04,0.05,300,2.25,0.123366318,0.024650163,0.108476829,0.04872516,0.94286884,0.001323891,0.000744804,4.67E-05,8.68E-05
35,0.9,0.15,1,1.04,0.05,300,3,0.135656532,0.0137948,0.085103107,0.048674938,0.965754897,0.001548689,0.000768241,7.35E-05,0.000124873
35,0.9,0.15,1,1.04,0.05,300,3.75,0.142505214,0.008592177,0.072848988,0.048632443,0.9775943,0.001736683,0.000782079,0.000102163,0.0001636
35,0.9,0.15,1,1.04,0.05,300,4.5,0.146652611,0.005681303,0.06560299,0.048593833,0.984467468,0.001903554,0.000790955,0.000131897,0.000202689
35,0.9,0.15,1,1.04,0.05,300,5.25,0.149312331,0.003896786,0.060980662,0.048557464,0.988743152,0.002057222,0.00079693,0.000162292,0.000241995
35,0.9,0.15,1,1.04,0.05,300,6,0.151085127,0.002737233,0.057876709,0.0485225,0.991517803,0.002202151,0.000801074,0.000193112,0.000281439
35,0.9,0.15,1,1.12,0.15,100,0.75,0.060128195,0.159151271,0.449021197,0.151390695,0.730304289,0.000523401,0.001249999,1.74E-05,1.37E-05
35,0.9,0.15,1,1.12,0.15,100,1.5,0.115997614,0.030930531,0.264589437,0.151127308,0.913669401,0.001043674,0.001471028,5.98E-05,3.98E-05
35,0.9,0.15,1,1.12,0.15,100,2.25,0.140665786,0.00881139,0.217378392,0.151015805,0.960025755,0.001456448,0.001521301,0.000121029,6.89E-05
35,0.9,0.15,1,1.12,0.15,100,3,0.149203542,0.002955749,0.202556936,0.150931963,0.974066768,0.001831684,0.001536811,0.000189361,9.89E-05
35,0.9,0.15,1,1.12,0.15,100,3.75,0.152183161,0.001049689,0.197243977,0.150855845,0.978625777,0.002193544,0.001542159,0.00026013,0.000129098
35,0.9,0.15,1,1.12,0.15,100,4.5,0.153213054,0.00038068,0.195118798,0.15078233,0.980007448,0.00255014,0.001544077,0.000331728,0.000159413
35,0.9,0.15,1,1.12,0.15,100,5.25,0.153543031,0.000139464,0.194122259,0.150709778,0.980265268,0.002904332,0.001544776,0.000403581,0.000189749
35,0.9,0.15,1,1.12,0.15,100,6,0.153618212,5.14E-05,0.193534538,0.150637617,0.980117013,0.003257151,0.001545032,0.000475486,0.000220087
45,0.7,0.07,1,1.04,0.05,300,0.75,0.021792865,0.195323023,0.296304556,0.048817456,0.735228843,0.00179239,0.002090778,9.95E-06,4.33E-05
45,0.7,0.07,1,1.04,0.05,300,1.5,0.043754211,0.050609769,0.128756348,0.048341396,0.900093202,0.00309459,0.002543104,3.37E-05,0.000122763
45,0.7,0.07,1,1.04,0.05,300,2.25,0.057299397,0.019217647,0.083150351,0.048168106,0.944074143,0.003863151,0.002679686,7.04E-05,0.000210695
45,0.7,0.07,1,1.04,0.05,300,3,0.063746064,0.009156804,0.066085798,0.048066885,0.959905424,0.004434542,0.00273747,0.000113829,0.000301187
45,0.7,0.07,1,1.04,0.05,300,3.75,0.066957042,0.004871895,0.05808722,0.047991201,0.966842322,0.00491963,0.00276651,0.000160473,0.000392691
45,0.7,0.07,1,1.04,0.05,300,4.5,0.068656548,0.002746932,0.053789502,0.04792706,0.970166327,0.005360502,0.002782392,0.000208732,0.000484659
45,0.7,0.07,1,1.04,0.05,300,5.25,0.06958931,0.001601111,0.051255245,0.047868865,0.971777067,0.005776164,0.002791484,0.000257835,0.000576852
45,0.7,0.07,1,1.04,0.05,300,6,0.070108167,0.000952605,0.049643624,0.047813972,0.972496271,0.006176223,0.002796831,0.00030738,0.000669152
45,0.7,0.07,1,1.12,0.15,100,0.75,0.023426603,0.169480714,0.351039159,0.14869909,0.742267845,0.001808946,0.005441138,2.77E-05,3.94E-05
45,0.7,0.07,1,1.12,0.15,100,1.5,0.050922628,0.028868737,0.182279579,0.147696444,0.90793997,0.003316153,0.006370276,0.000101254,0.000112429
45,0.7,0.07,1,1.12,0.15,100,2.25,0.063845693,0.006473416,0.145931371,0.147408839,0.942029717,0.004405283,0.006543731,0.000215403,0.000192631
45,0.7,0.07,1,1.12,0.15,100,3,0.06748897,0.001686994,0.136440936,0.147238715,0.949490464,0.00537927,0.006585419,0.00034384,0.000274345
45,0.7,0.07,1,1.12,0.15,100,3.75,0.068397099,0.0004627,0.133249017,0.147095427,0.950723464,0.006317715,0.006596538,0.000476009,0.000356375
45,0.7,0.07,1,1.12,0.15,100,4.5,0.068552536,0.000129683,0.131707308,0.146959429,0.950336306,0.007241122,0.006599613,0.000608932,0.000438426
45,0.7,0.07,1,1.12,0.15,100,5.25,0.068500377,3.68E-05,0.130620691,0.146825703,0.949513044,0.008155065,0.006600479,0.000741792,0.000520421
45,0.7,0.07,1,1.12,0.15,100,6,0.068390625,1.06E-05,0.129665798,0.146692886,0.948573888,0.00906113,0.006600726,0.000874362,0.000602338
45,0.7,0.15,1,1.04,0.15,100,0.75,0.078319971,0.069131772,0.134900383,0.148047988,0.856672894,0.001160145,0.003041888,7.52E-05,4.61E-05
45,0.7,0.15,1,1.04,0.15,100,1.5,0.113444879,0.02275388,0.053144103,0.147484454,0.937396904,0.001641448,0.003437566,0.000243029,0.000115776
45,0.7,0.15,1,1.04,0.15,100,2.25,0.125313291,0.013178144,0.031425589,0.147106579,0.958548032,0.001888708,0.003612951,0.000445519,0.000188642
45,0.7,0.15,1,1.04,0.15,100,3,0.130786597,0.00930386,0.021813449,0.146778386,0.967763202,0.002050223,0.00372553,0.000661134,0.000262582
45,0.7,0.15,1,1.04,0.15,100,3.75,0.133823908,0.00723837,0.016454183,0.146472924,0.972812185,0.002168133,0.003808984,0.000883142,0.000337046
45,0.7,0.15,1,1.04,0.15,100,4.5,0.135697516,0.005962657,0.013054384,0.146180616,0.975953881,0.002259799,0.003875732,0.001108702,0.000411816
45,0.7,0.15,1,1.04,0.15,100,5.25,0.136929731,0.005099525,0.010713132,0.145897005,0.978071777,0.002333993,0.003931682,0.001336363,0.000486784
45,0.7,0.15,1,1.04,0.15,100,6,0.13777264,0.004478046,0.009006474,0.145619663,0.979579818,0.002395749,0.003980096,0.001565291,0.00056189
45,0.7,0.15,1,1.12,0.05,300,0.75,0.116651778,0.024273201,0.122011669,0.047836133,0.950522782,0.002347394,0.001362119,7.39E-05,9.73E-05
45,0.7,0.15,1,1.12,0.05,300,1.5,0.142240167,0.004863767,0.075850931,0.047618399,0.994367494,0.00343934,0.001435501,0.000218272,0.000229435
45,0.7,0.15,1,1.12,0.05,300,2.25,0.147859394,0.001473981,0.06585562,0.047442815,1.002534128,0.004286247,0.001453598,0.00037576,0.000364297
45,0.7,0.15,1,1.12,0.05,300,3,0.14945099,0.000498858,0.062357085,0.047276702,1.004342732,0.005063493,0.001459369,0.000536101,0.000499737
45,0.7,0.15,1,1.12,0.05,300,3.75,0.149878675,0.000176303,0.060699545,0.047113962,1.004367662,0.005812027,0.001461357,0.000696853,0.000635278
45,0.7,0.15,1,1.12,0.05,300,4.5,0.149924535,6.38E-05,0.059648991,0.046952835,1.003817808,0.006544482,0.001462064,0.000857272,0.000770777
45,0.7,0.15,1,1.12,0.05,300,5.25,0.149838647,2.35E-05,0.058814282,0.04679274,1.003075679,0.007265197,0.001462322,0.00101711,0.000906185
45,0.7,0.15,1,1.12,0.05,300,6,0.149706468,8.78E-06,0.058062107,0.046633472,1.002271391,0.007975776,0.001462417,0.001176283,0.001041489
45,0.9,0.07,1,1.04,0.15,300,0.75,0.019210519,0.302528006,0.45416558,0.145438774,0.584361644,0.00135584,0.005810407,2.42E-05,3.19E-05
45,0.9,0.07,1,1.04,0.15,300,1.5,0.035315791,0.105058724,0.240990869,0.143462548,0.794504046,0.002838849,0.007739946,7.09E-05,9.82E-05
45,0.9,0.07,1,1.04,0.15,300,2.25,0.049889972,0.041362264,0.162284844,0.142694019,0.8710189,0.003895116,0.008434652,0.000144695,0.000176824
45,0.9,0.07,1,1.04,0.15,300,3,0.058748115,0.018728149,0.130162976,0.142310284,0.901405059,0.004721332,0.008724822,0.000238259,0.000260102
45,0.9,0.07,1,1.04,0.15,300,3.75,0.063469919,0.009278132,0.115307926,0.142068732,0.914743851,0.005436858,0.008861747,0.000342887,0.000345307
45,0.9,0.07,1,1.04,0.15,300,4.5,0.065924672,0.004836521,0.107711455,0.141888903,0.920935894,0.006096034,0.008931195,0.000453267,0.000431384
45,0.9,0.07,1,1.04,0.15,300,5.25,0.067187482,0.002595741,0.103502916,0.141738916,0.923801311,0.006724354,0.008967875,0.000566575,0.000517866
45,0.9,0.07,1,1.04,0.15,300,6,0.067819388,0.001417761,0.100987988,0.141604333,0.925009317,0.007334483,0.00898771,0.000681323,0.00060453
45,0.9,0.07,1,1.12,0.05,100,0.75,0.01680294,0.370555206,0.575941454,0.047096214,0.585662292,0.001019751,0.001324746,4.35E-06,2.09E-05
45,0.9,0.07,1,1.12,0.05,100,1.5,0.03128601,0.13518383,0.325294938,0.046597284,0.833713543,0.002294532,0.001815567,1.25E-05,6.66E-05
45,0.9,0.07,1,1.12,0.05,100,2.25,0.047712636,0.050070809,0.222944359,0.046406483,0.934059016,0.003269091,0.00199278,2.60E-05,0.000122594
45,0.9,0.07,1,1.12,0.05,100,3,0.059047671,0.020334934,0.181139153,0.046320204,0.974236526,0.004052885,0.002060669,4.44E-05,0.000182703
45,0.9,0.07,1,1.12,0.05,100,3.75,0.06508406,0.008937865,0.163020963,0.046270378,0.990908876,0.004744914,0.00208923,6.57E-05,0.000244484
45,0.9,0.07,1,1.12,0.05,100,4.5,0.068043894,0.004111946,0.154576924,0.046234835,0.997993653,0.005393302,0.002102053,8.84E-05,0.000306969
45,0.9,0.07,1,1.12,0.05,100,5.25,0.069459985,0.001938375,0.150343267,0.046205452,1.000911443,0.006019845,0.002108018,0.00011184,0.000369751
45,0.9,0.07,1,1.12,0.05,100,6,0.070128574,0.000926013,0.148026697,0.04617888,1.001935706,0.00663455,0.002110847,0.000135583,0.000432648
45,0.9,0.15,1,1.04,0.05,100,0.75,0.071518342,0.122065615,0.216164498,0.050491787,0.783624314,0.001136974,0.001153079,2.29E-05,4.28E-05
45,0.9,0.15,1,1.04,0.05,100,1.5,0.110874851,0.039642342,0.093880514,0.050227203,0.904495019,0.001808,0.001368783,7.18E-05,0.000114021
45,0.9,0.15,1,1.04,0.05,100,2.25,0.127225168,0.021125963,0.058659284,0.050075357,0.938875728,0.002189929,0.001458403,0.000133989,0.000190685
45,0.9,0.15,1,1.04,0.05,100,3,0.135204215,0.013762718,0.043035493,0.049954481,0.953888184,0.002456317,0.001511287,0.000201982,0.000269241
45,0.9,0.15,1,1.04,0.05,100,3.75,0.139774241,0.009916563,0.034377781,0.049847309,0.962052846,0.002663104,0.0015475,0.00027294,0.000348717
45,0.9,0.15,1,1.04,0.05,100,4.5,0.142681751,0.007583539,0.028920558,0.049747771,0.967088367,0.002833951,0.001574348,0.00034563,0.000428726
45,0.9,0.15,1,1.04,0.05,100,5.25,0.144666293,0.006030109,0.025182761,0.049653084,0.970451925,0.002980896,0.001595251,0.000419414,0.000509076
45,0.9,0.15,1,1.04,0.05,100,6,0.146089446,0.004928025,0.022469886,0.049561754,0.972824308,0.003110849,0.001612074,0.000493921,0.000589661
45,0.9,0.15,1,1.12,0.15,300,0.75,0.105214242,0.050485907,0.258226342,0.148295281,0.906419707,0.002043952,0.003593212,0.00012276,6.64E-05
45,0.9,0.15,1,1.12,0.15,300,1.5,0.143849313,0.007273465,0.174923687,0.147768117,0.986726574,0.003490941,0.003852717,0.000390419,0.000168218
45,0.9,0.15,1,1.12,0.15,300,2.25,0.151192113,0.001517493,0.160338642,0.147417826,0.99875549,0.004716245,0.003897379,0.000696048,0.000273737
45,0.9,0.15,1,1.12,0.15,300,3,0.152542708,0.000343806,0.156338396,0.147095837,1.000302996,0.005889568,0.003907053,0.001008363,0.000379831
45,0.9,0.15,1,1.12,0.15,300,3.75,0.152608187,8.01E-05,0.154544612,0.146780848,0.999682616,0.007043593,0.003909266,0.001321138,0.000485946
45,0.9,0.15,1,1.12,0.15,300,4.5,0.152384175,1.90E-05,0.1532542,0.146468456,0.998583098,0.008185549,0.003909784,0.001633013,0.000591964
45,0.9,0.15,1,1.12,0.15,300,5.25,0.152094104,4.55E-06,0.152087681,0.146157662,0.997380485,0.009317168,0.003909907,0.001943684,0.000697858
45,0.9,0.15,1,1.12,0.15,300,6,0.151789627,1.11E-06,0.150957576,0.145848229,0.996161295,0.010438932,0.003909936,0.002253088,0.000803624
40,0.8,0.12,1,1.08,0.1,200,0.75,0.055786779,0.104413732,0.317061418,0.097002444,0.812546308,0.001282361,0.001924323,2.62E-05,3.44E-05
40,0.8,0.12,1,1.08,0.1,200,1.5,0.099496889,0.016287922,0.184384662,0.096705891,0.943159461,0.002284447,0.002153225,9.39E-05,9.39E-05
40,0.8,0.12,1,1.08,0.1,200,2.25,0.112589161,0.003915025,0.158091354,0.096573175,0.967825519,0.003066303,0.002196441,0.000183389,0.000157408
40,0.8,0.12,1,1.08,0.1,200,3,0.11606811,0.001071105,0.150959389,0.096466701,0.973443631,0.003791035,0.002207497,0.000278808,0.000221796
40,0.8,0.12,1,1.08,0.1,200,3.75,0.116974964,0.000304868,0.148485943,0.096366705,0.974439464,0.004497555,0.002210576,0.000375725,0.000286371
40,0.8,0.12,1,1.08,0.1,200,4.5,0.117164764,8.82E-05,0.147284473,0.096268612,0.974179087,0.005196183,0.002211458,0.000472936,0.000350961
40,0.8,0.12,1,1.08,0.1,200,5.25,0.117150529,2.57E-05,0.14644572,0.096171189,0.973565994,0.005889827,0.002211714,0.000570104,0.00041552
40,0.8,0.12,1,1.08,0.1,200,6,0.117077586,7.56E-06,0.145714043,0.096074085,0.972854143,0.006579334,0.002211788,0.000667132,0.000480034
40,0.8,0.12,1,1.08,0.1,200,0.75,0.040285714,0.171788522,0.305052028,0.099148305,0.768635268,0.00105338,0.002131035,1.92E-05,2.94E-05
40,0.8,0.12,1,1.08,0.1,200,1.5,0.076186952,0.043830884,0.140795587,0.098679305,0.931288918,0.001828191,0.002554158,6.51E-05,8.26E-05
40,0.8,0.12,1,1.08,0.1,200,2.25,0.09480535,0.01758489,0.095512321,0.09848088,0.975546264,0.00231187,0.002685773,0.000131923,0.000141121
40,0.8,0.12,1,1.08,0.1,200,3,0.103396696,0.008793093,0.077738493,0.098345411,0.992513958,0.002684804,0.002744632,0.000208533,0.000201387
40,0.8,0.12,1,1.08,0.1,200,3.75,0.107743111,0.004870982,0.069097406,0.098233192,1.000449561,0.003007054,0.002775586,0.000289798,0.000262371
40,0.8,0.12,1,1.08,0.1,200,4.5,0.110102137,0.0028471,0.064352951,0.098131933,1.004541716,0.003302536,0.002793182,0.000373461,0.000323708
40,0.8,0.12,1,1.08,0.1,200,5.25,0.111432392,0.001716226,0.061537306,0.098036547,1.006735844,0.003582532,0.002803616,0.000458413,0.000385231
40,0.8,0.12,1,1.08,0.1,200,6,0.11219246,0.00105411,0.059765375,0.097944554,1.007905277,0.00385297,0.002809958,0.000544064,0.000446854
40,0.8,0.12,1,1.08,0.1,200,0.75,0.041120224,0.171392406,0.282673644,0.091546294,0.800644598,0.001181825,0.002219261,2.01E-05,3.39E-05
40,0.8,0.12,1,1.08,0.1,200,1.5,0.075989218,0.04679538,0.122803321,0.091056273,0.958856506,0.00198097,0.002661692,6.77E-05,9.40E-05
40,0.8,0.12,1,1.08,0.1,200,2.25,0.093786359,0.020724466,0.078550703,0.090837813,1.002109992,0.002447613,0.002811963,0.000135905,0.000159826
40,0.8,0.12,1,1.08,0.1,200,3,0.102338905,0.011547893,0.060479213,0.090685251,1.019435699,0.002786656,0.00288658,0.000213851,0.000227522
40,0.8,0.12,1,1.08,0.1,200,3.75,0.106963314,0.007192204,0.051182284,0.090558487,1.028108228,0.003064596,0.002930516,0.000296678,0.000296044
40,0.8,0.12,1,1.08,0.1,200,4.5,0.10970076,0.004765947,0.045717617,0.090444746,1.033016688,0.003308219,0.002958716,0.000382219,0.000365004
40,0.8,0.12,1,1.08,0.1,200,5.25,0.111418527,0.003280835,0.042224283,0.090338565,1.035996151,0.003530545,0.002977742,0.000469374,0.000434222
40,0.8,0.12,1,1.08,0.1,200,6,0.112535981,0.002315792,0.039858685,0.090237166,1.037875973,0.003738744,0.002990991,0.000557524,0.0005036
40,0.8,0.12,1,1.08,0.1,200,0.75,0.062697031,0.08408895,0.267920557,0.096150494,0.856956303,0.001751795,0.002534029,4.11E-05,5.04E-05
40,0.8,0.12,1,1.08,0.1,200,1.5,0.102836757,0.013332768,0.155960525,0.095789275,0.966393767,0.002971755,0.002792557,0.000143777,0.000133005
40,0.8,0.12,1,1.08,0.1,200,2.25,0.113513562,0.003311442,0.134239844,0.095609611,0.986139825,0.003915489,0.002842981,0.000273018,0.00022016
40,0.8,0.12,1,1.08,0.1,200,3,0.116305964,0.000930576,0.128070863,0.095460382,0.990474628,0.004788548,0.002856268,0.00040896,0.000308221
40,0.8,0.12,1,1.08,0.1,200,3.75,0.117005782,0.000272211,0.125729852,0.095319043,0.991029213,0.00563764,0.00286007,0.000546497,0.000396463
40,0.8,0.12,1,1.08,0.1,200,4.5,0.117113285,8.10E-05,0.124456881,0.095180183,0.990538654,0.006475286,0.002861189,0.000684238,0.0004847
40,0.8,0.12,1,1.08,0.1,200,5.25,0.117048513,2.44E-05,0.123498024,0.095042303,0.989749704,0.007305101,0.002861524,0.000821783,0.000572876
40,0.8,0.12,1,1.08,0.1,200,6,0.1169331,7.46E-06,0.122636267,0.094904966,0.988877193,0.008128185,0.002861625,0.000959018,0.000660978